Workbook

Sheet تعليمات
A1: دليل الاستخدام — قياس نضج النموذج التشغيلي
A3: ١. عبّئ عمود «نسبة التحقق %» فقط (الخلايا الصفراء) لكل عنصر، من ٠ إلى ١٠٠. القيم الحالية وهمية للتجربة.
A4: ٢. «الوزن المكتسب» = الوزن × نسبة التحقق ÷ ١٠٠، يُحسب تلقائيًا، ودرجة المرحلة وتصنيفها في ورقة «النتائج».
A5: ٣. الهيكل في هذا الملف: القطاع العسكري والقطاع الصحي يُقاس كلٌّ على مستوى القطاع (عمود الوحدة = اسم القطاع، والوكالة = —).
A6: ٤. القطاع التنفيذي: «وكالة (أ)» تنقسم لـ٧ وحدات، «وكالة (ب)» لـ٣ وحدات، والوكالات (ج) و(د) و(هـ) و(و) تُقاس على مستوى الوكالة (الوحدة = اسم الوكالة).
A7: ٥. كل وحدة/وكالة/قطاع مقاس يأخذ ١٨ صفًا (التصميم ٦ + التفعيل ٧ + التشغيل ٥).
A8: ٦. لإضافة كيان جديد: انسخ ١٨ صفًا كاملة وغيّر القطاع/الوكالة/الوحدة، وأضف ٣ صفوف مقابلة في «النتائج».
A9: ٧. الأوزان وحدود التصنيف في ورقة «المرجع» — أي تعديل ينعكس تلقائيًا.
A10: ٨. ورقة «الإدخال والحساب» مسطّحة وجاهزة كمصدر مباشر لـ Power BI.

Sheet الإدخال والحساب
A1: ID | B1: القطاع | C1: الوحدة التنظيمية الرئيسية | D1: الوحدة التنظيمية الفرعية | E1: المرحلة | F1: العنصر | G1: الوزن في المرحلة | H1: نسبة التحقق % | I1: الوزن المكتسب
A2: M01 | B2: القطاع العسكري | C2: القطاع العسكري | D2: العسكرية | E2: مرحلة التصميم | F2: الدور | G2: =SUMIFS(المرجع!$C$2:$C$19,المرجع!$A$2:$A$19,$E2,المرجع!$B$2:$B$19,$F2) -> 25 | H2: 98 | I2: =G2*H2/100 -> 24.5
A3: M02 | B3: القطاع العسكري | C3: القطاع العسكري | D3: العسكرية | E3: مرحلة التصميم | F3: الأهداف ومؤشرات الأداء | G3: =SUMIFS(المرجع!$C$2:$C$19,المرجع!$A$2:$A$19,$E3,المرجع!$B$2:$B$19,$F3) -> 15 | H3: 81 | I3: =G3*H3/100 -> 12.15
A4: M03 | B4: القطاع العسكري | C4: القطاع العسكري | D4: العسكرية | E4: مرحلة التصميم | F4: الحوكمة | G4: =SUMIFS(المرجع!$C$2:$C$19,المرجع!$A$2:$A$19,$E4,المرجع!$B$2:$B$19,$F4) -> 15 | H4: 78 | I4: =G4*H4/100 -> 11.7
A5: M04 | B5: القطاع العسكري | C5: القطاع العسكري | D5: العسكرية | E5: مرحلة التصميم | F5: التنظيم | G5: =SUMIFS(المرجع!$C$2:$C$19,المرجع!$A$2:$A$19,$E5,المرجع!$B$2:$B$19,$F5) -> 20 | H5: 86 | I5: =G5*H5/100 -> 17.2
A6: M05 | B6: القطاع العسكري | C6: القطاع العسكري | D6: العسكرية | E6: مرحلة التصميم | F6: الموارد | G6: =SUMIFS(المرجع!$C$2:$C$19,المرجع!$A$2:$A$19,$E6,المرجع!$B$2:$B$19,$F6) -> 20 | H6: 85 | I6: =G6*H6/100 -> 17
A7: M06 | B7: القطاع العسكري | C7: القطاع العسكري | D7: العسكرية | E7: مرحلة التصميم | F7: الإجراءات | G7: =SUMIFS(المرجع!$C$2:$C$19,المرجع!$A$2:$A$19,$E7,المرجع!$B$2:$B$19,$F7) -> 5 | H7: 85 | I7: =G7*H7/100 -> 4.25
A8: M07 | B8: القطاع العسكري | C8: القطاع العسكري | D8: العسكرية | E8: التفعيل | F8: الدور | G8: =SUMIFS(المرجع!$C$2:$C$19,المرجع!$A$2:$A$19,$E8,المرجع!$B$2:$B$19,$F8) -> 15 | H8: 53 | I8: =G8*H8/100 -> 7.95
A9: M08 | B9: القطاع العسكري | C9: القطاع العسكري | D9: العسكرية | E9: التفعيل | F9: الأهداف ومؤشرات الأداء | G9: =SUMIFS(المرجع!$C$2:$C$19,المرجع!$A$2:$A$19,$E9,المرجع!$B$2:$B$19,$F9) -> 15 | H9: 51 | I9: =G9*H9/100 -> 7.65
A10: M09 | B10: القطاع العسكري | C10: القطاع العسكري | D10: العسكرية | E10: التفعيل | F10: الحوكمة | G10: =SUMIFS(المرجع!$C$2:$C$19,المرجع!$A$2:$A$19,$E10,المرجع!$B$2:$B$19,$F10) -> 15 | H10: 79 | I10: =G10*H10/100 -> 11.85
A11: M10 | B11: القطاع العسكري | C11: القطاع العسكري | D11: العسكرية | E11: التفعيل | F11: التنظيم | G11: =SUMIFS(المرجع!$C$2:$C$19,المرجع!$A$2:$A$19,$E11,المرجع!$B$2:$B$19,$F11) -> 20 | H11: 50 | I11: =G11*H11/100 -> 10
A12: M11 | B12: القطاع العسكري | C12: القطاع العسكري | D12: العسكرية | E12: التفعيل | F12: الموارد | G12: =SUMIFS(المرجع!$C$2:$C$19,المرجع!$A$2:$A$19,$E12,المرجع!$B$2:$B$19,$F12) -> 25 | H12: 82 | I12: =G12*H12/100 -> 20.5
A13: M12 | B13: القطاع العسكري | C13: القطاع العسكري | D13: العسكرية | E13: التفعيل | F13: الإجراءات | G13: =SUMIFS(المرجع!$C$2:$C$19,المرجع!$A$2:$A$19,$E13,المرجع!$B$2:$B$19,$F13) -> 5 | H13: 72 | I13: =G13*H13/100 -> 3.6
... A38: E01 | B38: القطاع التنفيذي | C38: وكالة (أ) | D38: وحدة أ-١ | E38: مرحلة التصميم | F38: الدور | G38: =SUMIFS(المرجع!$C$2:$C$19,المرجع!$A$2:$A$19,$E38,المرجع!$B$2:$B$19,$F38) -> 25 | H38: 74.7 | I38: =G38*H38/100 -> 18.675
A39: E02 | B39: القطاع التنفيذي | C39: وكالة (أ) | D39: وحدة أ-١ | E39: مرحلة التصميم | F39: الأهداف ومؤشرات الأداء | G39: =SUMIFS(المرجع!$C$2:$C$19,المرجع!$A$2:$A$19,$E39,المرجع!$B$2:$B$19,$F39) -> 15 | H39: =89.99 -> 89.99 | I39: =G39*H39/100 -> 13.4985
A40: E03 | B40: القطاع التنفيذي | C40: وكالة (أ) | D40: وحدة أ-١ | E40: مرحلة التصميم | F40: الحوكمة | G40: =SUMIFS(المرجع!$C$2:$C$19,المرجع!$A$2:$A$19,$E40,المرجع!$B$2:$B$19,$F40) -> 15 | H40: =89.99 -> 89.99 | I40: =G40*H40/100 -> 13.4985
A41: E04 | B41: القطاع التنفيذي | C41: وكالة (أ) | D41: وحدة أ-١ | E41: مرحلة التصميم | F41: التنظيم | G41: =SUMIFS(المرجع!$C$2:$C$19,المرجع!$A$2:$A$19,$E41,المرجع!$B$2:$B$19,$F41) -> 20 | H41: =89.99 -> 89.99 | I41: =G41*H41/100 -> 17.998
A42: E05 | B42: القطاع التنفيذي | C42: وكالة (أ) | D42: وحدة أ-١ | E42: مرحلة التصميم | F42: الموارد | G42: =SUMIFS(المرجع!$C$2:$C$19,المرجع!$A$2:$A$19,$E42,المرجع!$B$2:$B$19,$F42) -> 20 | H42: =89.99 -> 89.99 | I42: =G42*H42/100 -> 17.998
A43: E06 | B43: القطاع التنفيذي | C43: وكالة (أ) | D43: وحدة أ-١ | E43: مرحلة التصميم | F43: الإجراءات | G43: =SUMIFS(المرجع!$C$2:$C$19,المرجع!$A$2:$A$19,$E43,المرجع!$B$2:$B$19,$F43) -> 5 | H43: =89.99 -> 89.99 | I43: =G43*H43/100 -> 4.4995
A44: E07 | B44: القطاع التنفيذي | C44: وكالة (أ) | D44: وحدة أ-١ | E44: التفعيل | F44: الدور | G44: =SUMIFS(المرجع!$C$2:$C$19,المرجع!$A$2:$A$19,$E44,المرجع!$B$2:$B$19,$F44) -> 15 | H44: 67 | I44: =G44*H44/100 -> 10.05
A45: E08 | B45: القطاع التنفيذي | C45: وكالة (أ) | D45: وحدة أ-١ | E45: التفعيل | F45: الأهداف ومؤشرات الأداء | G45: =SUMIFS(المرجع!$C$2:$C$19,المرجع!$A$2:$A$19,$E45,المرجع!$B$2:$B$19,$F45) -> 15 | H45: 61 | I45: =G45*H45/100 -> 9.15
A46: E09 | B46: القطاع التنفيذي | C46: وكالة (أ) | D46: وحدة أ-١ | E46: التفعيل | F46: الحوكمة | G46: =SUMIFS(المرجع!$C$2:$C$19,المرجع!$A$2:$A$19,$E46,المرجع!$B$2:$B$19,$F46) -> 15 | H46: 47 | I46: =G46*H46/100 -> 7.05
A47: E10 | B47: القطاع التنفيذي | C47: وكالة (أ) | D47: وحدة أ-١ | E47: التفعيل | F47: التنظيم | G47: =SUMIFS(المرجع!$C$2:$C$19,المرجع!$A$2:$A$19,$E47,المرجع!$B$2:$B$19,$F47) -> 20 | H47: 74 | I47: =G47*H47/100 -> 14.8
A48: E11 | B48: القطاع التنفيذي | C48: وكالة (أ) | D48: وحدة أ-١ | E48: التفعيل | F48: الموارد | G48: =SUMIFS(المرجع!$C$2:$C$19,المرجع!$A$2:$A$19,$E48,المرجع!$B$2:$B$19,$F48) -> 25 | H48: 79 | I48: =G48*H48/100 -> 19.75
A49: E12 | B49: القطاع التنفيذي | C49: وكالة (أ) | D49: وحدة أ-١ | E49: التفعيل | F49: الإجراءات | G49: =SUMIFS(المرجع!$C$2:$C$19,المرجع!$A$2:$A$19,$E49,المرجع!$B$2:$B$19,$F49) -> 5 | H49: 52 | I49: =G49*H49/100 -> 2.6
A50: E13 | B50: القطاع التنفيذي | C50: وكالة (أ) | D50: وحدة أ-١ | E50: التفعيل | F50: إنتاج المخرج الأول | G50: =SUMIFS(المرجع!$C$2:$C$19,المرجع!$A$2:$A$19,$E50,المرجع!$B$2:$B$19,$F50) -> 5 | H50: 69 | I50: =G50*H50/100 -> 3.45
A51: E14 | B51: القطاع التنفيذي | C51: وكالة (أ) | D51: وحدة أ-١ | E51: مرحلة التشغيل | F51: الأهداف ومؤشرات الأداء | G51: =SUMIFS(المرجع!$C$2:$C$19,المرجع!$A$2:$A$19,$E51,المرجع!$B$2:$B$19,$F51) -> 25 | H51: 29 | I51: =G51*H51/100 -> 7.25
A52: E15 | B52: القطاع التنفيذي | C52: وكالة (أ) | D52: وحدة أ-١ | E52: مرحلة التشغيل | F52: الحوكمة | G52: =SUMIFS(المرجع!$C$2:$C$19,المرجع!$A$2:$A$19,$E52,المرجع!$B$2:$B$19,$F52) -> 15 | H52: 59 | I52: =G52*H52/100 -> 8.85
A53: E16 | B53: القطاع التنفيذي | C53: وكالة (أ) | D53: وحدة أ-١ | E53: مرحلة التشغيل | F53: الموارد | G53: =SUMIFS(المرجع!$C$2:$C$19,المرجع!$A$2:$A$19,$E53,المرجع!$B$2:$B$19,$F53) -> 15 | H53: 42 | I53: =G53*H53/100 -> 6.3
A54: E17 | B54: القطاع التنفيذي | C54: وكالة (أ) | D54: وحدة أ-١ | E54: مرحلة التشغيل | F54: الإجراءات | G54: =SUMIFS(المرجع!$C$2:$C$19,المرجع!$A$2:$A$19,$E54,المرجع!$B$2:$B$19,$F54) -> 15 | H54: 64 | I54: =G54*H54/100 -> 9.6
A55: E18 | B55: القطاع التنفيذي | C55: وكالة (أ) | D55: وحدة أ-١ | E55: مرحلة التشغيل | F55: اكتمال المخرجات المستهدفة | G55: =SUMIFS(المرجع!$C$2:$C$19,المرجع!$A$2:$A$19,$E55,المرجع!$B$2:$B$19,$F55) -> 30 | H55: 63 | I55: =G55*H55/100 -> 18.9
A56: E19 | B56: القطاع التنفيذي | C56: وكالة (أ) | D56: وحدة أ-٢ | E56: مرحلة التصميم | F56: الدور | G56: =SUMIFS(المرجع!$C$2:$C$19,المرجع!$A$2:$A$19,$E56,المرجع!$B$2:$B$19,$F56) -> 25 | H56: =25.93 -> 25.93 | I56: =G56*H56/100 -> 6.4825
A57: E20 | B57: القطاع التنفيذي | C57: وكالة (أ) | D57: وحدة أ-٢ | E57: مرحلة التصميم | F57: الأهداف ومؤشرات الأداء | G57: =SUMIFS(المرجع!$C$2:$C$19,المرجع!$A$2:$A$19,$E57,المرجع!$B$2:$B$19,$F57) -> 15 | H57: =25.93 -> 25.93 | I57: =G57*H57/100 -> 3.8895
A58: E21 | B58: القطاع التنفيذي | C58: وكالة (أ) | D58: وحدة أ-٢ | E58: مرحلة التصميم | F58: الحوكمة | G58: =SUMIFS(المرجع!$C$2:$C$19,المرجع!$A$2:$A$19,$E58,المرجع!$B$2:$B$19,$F58) -> 15 | H58: =25.93 -> 25.93 | I58: =G58*H58/100 -> 3.8895
A59: E22 | B59: القطاع التنفيذي | C59: وكالة (أ) | D59: وحدة أ-٢ | E59: مرحلة التصميم | F59: التنظيم | G59: =SUMIFS(المرجع!$C$2:$C$19,المرجع!$A$2:$A$19,$E59,المرجع!$B$2:$B$19,$F59) -> 20 | H59: =25.93 -> 25.93 | I59: =G59*H59/100 -> 5.186
A60: E23 | B60: القطاع التنفيذي | C60: وكالة (أ) | D60: وحدة أ-٢ | E60: مرحلة التصميم | F60: الموارد | G60: =SUMIFS(المرجع!$C$2:$C$19,المرجع!$A$2:$A$19,$E60,المرجع!$B$2:$B$19,$F60) -> 20 | H60: =25.93 -> 25.93 | I60: =G60*H60/100 -> 5.186
A61: E24 | B61: القطاع التنفيذي | C61: وكالة (أ) | D61: وحدة أ-٢ | E61: مرحلة التصميم | F61: الإجراءات | G61: =SUMIFS(المرجع!$C$2:$C$19,المرجع!$A$2:$A$19,$E61,المرجع!$B$2:$B$19,$F61) -> 5 | H61: =25.93 -> 25.93 | I61: =G61*H61/100 -> 1.2965
A62: E25 | B62: القطاع التنفيذي | C62: وكالة (أ) | D62: وحدة أ-٢ | E62: التفعيل | F62: الدور | G62: =SUMIFS(المرجع!$C$2:$C$19,المرجع!$A$2:$A$19,$E62,المرجع!$B$2:$B$19,$F62) -> 15 | H62: 63 | I62: =G62*H62/100 -> 9.45
A63: E26 | B63: القطاع التنفيذي | C63: وكالة (أ) | D63: وحدة أ-٢ | E63: التفعيل | F63: الأهداف ومؤشرات الأداء | G63: =SUMIFS(المرجع!$C$2:$C$19,المرجع!$A$2:$A$19,$E63,المرجع!$B$2:$B$19,$F63) -> 15 | H63: 50 | I63: =G63*H63/100 -> 7.5
A64: E27 | B64: القطاع التنفيذي | C64: وكالة (أ) | D64: وحدة أ-٢ | E64: التفعيل | F64: الحوكمة | G64: =SUMIFS(المرجع!$C$2:$C$19,المرجع!$A$2:$A$19,$E64,المرجع!$B$2:$B$19,$F64) -> 15 | H64: 59 | I64: =G64*H64/100 -> 8.85
A65: E28 | B65: القطاع التنفيذي | C65: وكالة (أ) | D65: وحدة أ-٢ | E65: التفعيل | F65: التنظيم | G65: =SUMIFS(المرجع!$C$2:$C$19,المرجع!$A$2:$A$19,$E65,المرجع!$B$2:$B$19,$F65) -> 20 | H65: 51 | I65: =G65*H65/100 -> 10.2
A66: E29 | B66: القطاع التنفيذي | C66: وكالة (أ) | D66: وحدة أ-٢ | E66: التفعيل | F66: الموارد | G66: =SUMIFS(المرجع!$C$2:$C$19,المرجع!$A$2:$A$19,$E66,المرجع!$B$2:$B$19,$F66) -> 25 | H66: 69 | I66: =G66*H66/100 -> 17.25
A67: E30 | B67: القطاع التنفيذي | C67: وكالة (أ) | D67: وحدة أ-٢ | E67: التفعيل | F67: الإجراءات | G67: =SUMIFS(المرجع!$C$2:$C$19,المرجع!$A$2:$A$19,$E67,المرجع!$B$2:$B$19,$F67) -> 5 | H67: 62 | I67: =G67*H67/100 -> 3.1
A68: E31 | B68: القطاع التنفيذي | C68: وكالة (أ) | D68: وحدة أ-٢ | E68: التفعيل | F68: إنتاج المخرج الأول | G68: =SUMIFS(المرجع!$C$2:$C$19,المرجع!$A$2:$A$19,$E68,المرجع!$B$2:$B$19,$F68) -> 5 | H68: 74 | I68: =G68*H68/100 -> 3.7
A69: E32 | B69: القطاع التنفيذي | C69: وكالة (أ) | D69: وحدة أ-٢ | E69: مرحلة التشغيل | F69: الأهداف ومؤشرات الأداء | G69: =SUMIFS(المرجع!$C$2:$C$19,المرجع!$A$2:$A$19,$E69,المرجع!$B$2:$B$19,$F69) -> 25 | H69: 64 | I69: =G69*H69/100 -> 16
A70: E33 | B70: القطاع التنفيذي | C70: وكالة (أ) | D70: وحدة أ-٢ | E70: مرحلة التشغيل | F70: الحوكمة | G70: =SUMIFS(المرجع!$C$2:$C$19,المرجع!$A$2:$A$19,$E70,المرجع!$B$2:$B$19,$F70) -> 15 | H70: 47 | I70: =G70*H70/100 -> 7.05
A71: E34 | B71: القطاع التنفيذي | C71: وكالة (أ) | D71: وحدة أ-٢ | E71: مرحلة التشغيل | F71: الموارد | G71: =SUMIFS(المرجع!$C$2:$C$19,المرجع!$A$2:$A$19,$E71,المرجع!$B$2:$B$19,$F71) -> 15 | H71: 34 | I71: =G71*H71/100 -> 5.1
A72: E35 | B72: القطاع التنفيذي | C72: وكالة (أ) | D72: وحدة أ-٢ | E72: مرحلة التشغيل | F72: الإجراءات | G72: =SUMIFS(المرجع!$C$2:$C$19,المرجع!$A$2:$A$19,$E72,المرجع!$B$2:$B$19,$F72) -> 15 | H72: 47 | I72: =G72*H72/100 -> 7.05
A73: E36 | B73: القطاع التنفيذي | C73: وكالة (أ) | D73: وحدة أ-٢ | E73: مرحلة التشغيل | F73: اكتمال المخرجات المستهدفة | G73: =SUMIFS(المرجع!$C$2:$C$19,المرجع!$A$2:$A$19,$E73,المرجع!$B$2:$B$19,$F73) -> 30 | H73: 46 | I73: =G73*H73/100 -> 13.8
A74: E37 | B74: القطاع التنفيذي | C74: وكالة (أ) | D74: وحدة أ-٣ | E74: مرحلة التصميم | F74: الدور | G74: =SUMIFS(المرجع!$C$2:$C$19,المرجع!$A$2:$A$19,$E74,المرجع!$B$2:$B$19,$F74) -> 25 | H74: =60.26 -> 60.26 | I74: =G74*H74/100 -> 15.065
A75: E38 | B75: القطاع التنفيذي | C75: وكالة (أ) | D75: وحدة أ-٣ | E75: مرحلة التصميم | F75: الأهداف ومؤشرات الأداء | G75: =SUMIFS(المرجع!$C$2:$C$19,المرجع!$A$2:$A$19,$E75,المرجع!$B$2:$B$19,$F75) -> 15 | H75: =60.26 -> 60.26 | I75: =G75*H75/100 -> 9.039
A76: E39 | B76: القطاع التنفيذي | C76: وكالة (أ) | D76: وحدة أ-٣ | E76: مرحلة التصميم | F76: الحوكمة | G76: =SUMIFS(المرجع!$C$2:$C$19,المرجع!$A$2:$A$19,$E76,المرجع!$B$2:$B$19,$F76) -> 15 | H76: =60.26 -> 60.26 | I76: =G76*H76/100 -> 9.039
A77: E40 | B77: القطاع التنفيذي | C77: وكالة (أ) | D77: وحدة أ-٣ | E77: مرحلة التصميم | F77: التنظيم | G77: =SUMIFS(المرجع!$C$2:$C$19,المرجع!$A$2:$A$19,$E77,المرجع!$B$2:$B$19,$F77) -> 20 | H77: =60.26 -> 60.26 | I77: =G77*H77/100 -> 12.052
A78: E41 | B78: القطاع التنفيذي | C78: وكالة (أ) | D78: وحدة أ-٣ | E78: مرحلة التصميم | F78: الموارد | G78: =SUMIFS(المرجع!$C$2:$C$19,المرجع!$A$2:$A$19,$E78,المرجع!$B$2:$B$19,$F78) -> 20 | H78: =60.26 -> 60.26 | I78: =G78*H78/100 -> 12.052
A79: E42 | B79: القطاع التنفيذي | C79: وكالة (أ) | D79: وحدة أ-٣ | E79: مرحلة التصميم | F79: الإجراءات | G79: =SUMIFS(المرجع!$C$2:$C$19,المرجع!$A$2:$A$19,$E79,المرجع!$B$2:$B$19,$F79) -> 5 | H79: =60.26 -> 60.26 | I79: =G79*H79/100 -> 3.013
A80: E43 | B80: القطاع التنفيذي | C80: وكالة (أ) | D80: وحدة أ-٣ | E80: التفعيل | F80: الدور | G80: =SUMIFS(المرجع!$C$2:$C$19,المرجع!$A$2:$A$19,$E80,المرجع!$B$2:$B$19,$F80) -> 15 | H80: 55 | I80: =G80*H80/100 -> 8.25
A81: E44 | B81: القطاع التنفيذي | C81: وكالة (أ) | D81: وحدة أ-٣ | E81: التفعيل | F81: الأهداف ومؤشرات الأداء | G81: =SUMIFS(المرجع!$C$2:$C$19,المرجع!$A$2:$A$19,$E81,المرجع!$B$2:$B$19,$F81) -> 15 | H81: 79 | I81: =G81*H81/100 -> 11.85
A82: E45 | B82: القطاع التنفيذي | C82: وكالة (أ) | D82: وحدة أ-٣ | E82: التفعيل | F82: الحوكمة | G82: =SUMIFS(المرجع!$C$2:$C$19,المرجع!$A$2:$A$19,$E82,المرجع!$B$2:$B$19,$F82) -> 15 | H82: 60 | I82: =G82*H82/100 -> 9
A83: E46 | B83: القطاع التنفيذي | C83: وكالة (أ) | D83: وحدة أ-٣ | E83: التفعيل | F83: التنظيم | G83: =SUMIFS(المرجع!$C$2:$C$19,المرجع!$A$2:$A$19,$E83,المرجع!$B$2:$B$19,$F83) -> 20 | H83: 55 | I83: =G83*H83/100 -> 11
A84: E47 | B84: القطاع التنفيذي | C84: وكالة (أ) | D84: وحدة أ-٣ | E84: التفعيل | F84: الموارد | G84: =SUMIFS(المرجع!$C$2:$C$19,المرجع!$A$2:$A$19,$E84,المرجع!$B$2:$B$19,$F84) -> 25 | H84: 74 | I84: =G84*H84/100 -> 18.5
A85: E48 | B85: القطاع التنفيذي | C85: وكالة (أ) | D85: وحدة أ-٣ | E85: التفعيل | F85: الإجراءات | G85: =SUMIFS(المرجع!$C$2:$C$19,المرجع!$A$2:$A$19,$E85,المرجع!$B$2:$B$19,$F85) -> 5 | H85: 69 | I85: =G85*H85/100 -> 3.45
A86: E49 | B86: القطاع التنفيذي | C86: وكالة (أ) | D86: وحدة أ-٣ | E86: التفعيل | F86: إنتاج المخرج الأول | G86: =SUMIFS(المرجع!$C$2:$C$19,المرجع!$A$2:$A$19,$E86,المرجع!$B$2:$B$19,$F86) -> 5 | H86: 62 | I86: =G86*H86/100 -> 3.1
A87: E50 | B87: القطاع التنفيذي | C87: وكالة (أ) | D87: وحدة أ-٣ | E87: مرحلة التشغيل | F87: الأهداف ومؤشرات الأداء | G87: =SUMIFS(المرجع!$C$2:$C$19,المرجع!$A$2:$A$19,$E87,المرجع!$B$2:$B$19,$F87) -> 25 | H87: 64 | I87: =G87*H87/100 -> 16
A88: E51 | B88: القطاع التنفيذي | C88: وكالة (أ) | D88: وحدة أ-٣ | E88: مرحلة التشغيل | F88: الحوكمة | G88: =SUMIFS(المرجع!$C$2:$C$19,المرجع!$A$2:$A$19,$E88,المرجع!$B$2:$B$19,$F88) -> 15 | H88: 59 | I88: =G88*H88/100 -> 8.85
A89: E52 | B89: القطاع التنفيذي | C89: وكالة (أ) | D89: وحدة أ-٣ | E89: مرحلة التشغيل | F89: الموارد | G89: =SUMIFS(المرجع!$C$2:$C$19,المرجع!$A$2:$A$19,$E89,المرجع!$B$2:$B$19,$F89) -> 15 | H89: 38 | I89: =G89*H89/100 -> 5.7
A90: E53 | B90: القطاع التنفيذي | C90: وكالة (أ) | D90: وحدة أ-٣ | E90: مرحلة التشغيل | F90: الإجراءات | G90: =SUMIFS(المرجع!$C$2:$C$19,المرجع!$A$2:$A$19,$E90,المرجع!$B$2:$B$19,$F90) -> 15 | H90: 44 | I90: =G90*H90/100 -> 6.6
A91: E54 | B91: القطاع التنفيذي | C91: وكالة (أ) | D91: وحدة أ-٣ | E91: مرحلة التشغيل | F91: اكتمال المخرجات المستهدفة | G91: =SUMIFS(المرجع!$C$2:$C$19,المرجع!$A$2:$A$19,$E91,المرجع!$B$2:$B$19,$F91) -> 30 | H91: 27 | I91: =G91*H91/100 -> 8.1
A92: E55 | B92: القطاع التنفيذي | C92: وكالة (أ) | D92: وحدة أ-٤ | E92: مرحلة التصميم | F92: الدور | G92: =SUMIFS(المرجع!$C$2:$C$19,المرجع!$A$2:$A$19,$E92,المرجع!$B$2:$B$19,$F92) -> 25 | H92: =37.25 -> 37.25 | I92: =G92*H92/100 -> 9.3125
A93: E56 | B93: القطاع التنفيذي | C93: وكالة (أ) | D93: وحدة أ-٤ | E93: مرحلة التصميم | F93: الأهداف ومؤشرات الأداء | G93: =SUMIFS(المرجع!$C$2:$C$19,المرجع!$A$2:$A$19,$E93,المرجع!$B$2:$B$19,$F93) -> 15 | H93: =37.25 -> 37.25 | I93: =G93*H93/100 -> 5.5875
A94: E57 | B94: القطاع التنفيذي | C94: وكالة (أ) | D94: وحدة أ-٤ | E94: مرحلة التصميم | F94: الحوكمة | G94: =SUMIFS(المرجع!$C$2:$C$19,المرجع!$A$2:$A$19,$E94,المرجع!$B$2:$B$19,$F94) -> 15 | H94: =37.25 -> 37.25 | I94: =G94*H94/100 -> 5.5875
A95: E58 | B95: القطاع التنفيذي | C95: وكالة (أ) | D95: وحدة أ-٤ | E95: مرحلة التصميم | F95: التنظيم | G95: =SUMIFS(المرجع!$C$2:$C$19,المرجع!$A$2:$A$19,$E95,المرجع!$B$2:$B$19,$F95) -> 20 | H95: =37.25 -> 37.25 | I95: =G95*H95/100 -> 7.45
A96: E59 | B96: القطاع التنفيذي | C96: وكالة (أ) | D96: وحدة أ-٤ | E96: مرحلة التصميم | F96: الموارد | G96: =SUMIFS(المرجع!$C$2:$C$19,المرجع!$A$2:$A$19,$E96,المرجع!$B$2:$B$19,$F96) -> 20 | H96: =37.25 -> 37.25 | I96: =G96*H96/100 -> 7.45
A97: E60 | B97: القطاع التنفيذي | C97: وكالة (أ) | D97: وحدة أ-٤ | E97: مرحلة التصميم | F97: الإجراءات | G97: =SUMIFS(المرجع!$C$2:$C$19,المرجع!$A$2:$A$19,$E97,المرجع!$B$2:$B$19,$F97) -> 5 | H97: =37.25 -> 37.25 | I97: =G97*H97/100 -> 1.8625
A98: E61 | B98: القطاع التنفيذي | C98: وكالة (أ) | D98: وحدة أ-٤ | E98: التفعيل | F98: الدور | G98: =SUMIFS(المرجع!$C$2:$C$19,المرجع!$A$2:$A$19,$E98,المرجع!$B$2:$B$19,$F98) -> 15 | H98: 58 | I98: =G98*H98/100 -> 8.7
A99: E62 | B99: القطاع التنفيذي | C99: وكالة (أ) | D99: وحدة أ-٤ | E99: التفعيل | F99: الأهداف ومؤشرات الأداء | G99: =SUMIFS(المرجع!$C$2:$C$19,المرجع!$A$2:$A$19,$E99,المرجع!$B$2:$B$19,$F99) -> 15 | H99: 81 | I99: =G99*H99/100 -> 12.15
A100: E63 | B100: القطاع التنفيذي | C100: وكالة (أ) | D100: وحدة أ-٤ | E100: التفعيل | F100: الحوكمة | G100: =SUMIFS(المرجع!$C$2:$C$19,المرجع!$A$2:$A$19,$E100,المرجع!$B$2:$B$19,$F100) -> 15 | H100: 65 | I100: =G100*H100/100 -> 9.75
A101: E64 | B101: القطاع التنفيذي | C101: وكالة (أ) | D101: وحدة أ-٤ | E101: التفعيل | F101: التنظيم | G101: =SUMIFS(المرجع!$C$2:$C$19,المرجع!$A$2:$A$19,$E101,المرجع!$B$2:$B$19,$F101) -> 20 | H101: 58 | I101: =G101*H101/100 -> 11.6
A102: E65 | B102: القطاع التنفيذي | C102: وكالة (أ) | D102: وحدة أ-٤ | E102: التفعيل | F102: الموارد | G102: =SUMIFS(المرجع!$C$2:$C$19,المرجع!$A$2:$A$19,$E102,المرجع!$B$2:$B$19,$F102) -> 25 | H102: 76 | I102: =G102*H102/100 -> 19
A103: E66 | B103: القطاع التنفيذي | C103: وكالة (أ) | D103: وحدة أ-٤ | E103: التفعيل | F103: الإجراءات | G103: =SUMIFS(المرجع!$C$2:$C$19,المرجع!$A$2:$A$19,$E103,المرجع!$B$2:$B$19,$F103) -> 5 | H103: 70 | I103: =G103*H103/100 -> 3.5
A104: E67 | B104: القطاع التنفيذي | C104: وكالة (أ) | D104: وحدة أ-٤ | E104: التفعيل | F104: إنتاج المخرج الأول | G104: =SUMIFS(المرجع!$C$2:$C$19,المرجع!$A$2:$A$19,$E104,المرجع!$B$2:$B$19,$F104) -> 5 | H104: 74 | I104: =G104*H104/100 -> 3.7
A105: E68 | B105: القطاع التنفيذي | C105: وكالة (أ) | D105: وحدة أ-٤ | E105: مرحلة التشغيل | F105: الأهداف ومؤشرات الأداء | G105: =SUMIFS(المرجع!$C$2:$C$19,المرجع!$A$2:$A$19,$E105,المرجع!$B$2:$B$19,$F105) -> 25 | H105: 33 | I105: =G105*H105/100 -> 8.25
A106: E69 | B106: القطاع التنفيذي | C106: وكالة (أ) | D106: وحدة أ-٤ | E106: مرحلة التشغيل | F106: الحوكمة | G106: =SUMIFS(المرجع!$C$2:$C$19,المرجع!$A$2:$A$19,$E106,المرجع!$B$2:$B$19,$F106) -> 15 | H106: 40 | I106: =G106*H106/100 -> 6
A107: E70 | B107: القطاع التنفيذي | C107: وكالة (أ) | D107: وحدة أ-٤ | E107: مرحلة التشغيل | F107: الموارد | G107: =SUMIFS(المرجع!$C$2:$C$19,المرجع!$A$2:$A$19,$E107,المرجع!$B$2:$B$19,$F107) -> 15 | H107: 32 | I107: =G107*H107/100 -> 4.8
A108: E71 | B108: القطاع التنفيذي | C108: وكالة (أ) | D108: وحدة أ-٤ | E108: مرحلة التشغيل | F108: الإجراءات | G108: =SUMIFS(المرجع!$C$2:$C$19,المرجع!$A$2:$A$19,$E108,المرجع!$B$2:$B$19,$F108) -> 15 | H108: 39 | I108: =G108*H108/100 -> 5.85
A109: E72 | B109: القطاع التنفيذي | C109: وكالة (أ) | D109: وحدة أ-٤ | E109: مرحلة التشغيل | F109: اكتمال المخرجات المستهدفة | G109: =SUMIFS(المرجع!$C$2:$C$19,المرجع!$A$2:$A$19,$E109,المرجع!$B$2:$B$19,$F109) -> 30 | H109: 59 | I109: =G109*H109/100 -> 17.7
A110: E73 | B110: القطاع التنفيذي | C110: وكالة (أ) | D110: وحدة أ-٥ | E110: مرحلة التصميم | F110: الدور | G110: =SUMIFS(المرجع!$C$2:$C$19,المرجع!$A$2:$A$19,$E110,المرجع!$B$2:$B$19,$F110) -> 25 | H110: =65.92 -> 65.92 | I110: =G110*H110/100 -> 16.48
A111: E74 | B111: القطاع التنفيذي | C111: وكالة (أ) | D111: وحدة أ-٥ | E111: مرحلة التصميم | F111: الأهداف ومؤشرات الأداء | G111: =SUMIFS(المرجع!$C$2:$C$19,المرجع!$A$2:$A$19,$E111,المرجع!$B$2:$B$19,$F111) -> 15 | H111: =65.92 -> 65.92 | I111: =G111*H111/100 -> 9.888
A112: E75 | B112: القطاع التنفيذي | C112: وكالة (أ) | D112: وحدة أ-٥ | E112: مرحلة التصميم | F112: الحوكمة | G112: =SUMIFS(المرجع!$C$2:$C$19,المرجع!$A$2:$A$19,$E112,المرجع!$B$2:$B$19,$F112) -> 15 | H112: =65.92 -> 65.92 | I112: =G112*H112/100 -> 9.888
A113: E76 | B113: القطاع التنفيذي | C113: وكالة (أ) | D113: وحدة أ-٥ | E113: مرحلة التصميم | F113: التنظيم | G113: =SUMIFS(المرجع!$C$2:$C$19,المرجع!$A$2:$A$19,$E113,المرجع!$B$2:$B$19,$F113) -> 20 | H113: =65.92 -> 65.92 | I113: =G113*H113/100 -> 13.184
A114: E77 | B114: القطاع التنفيذي | C114: وكالة (أ) | D114: وحدة أ-٥ | E114: مرحلة التصميم | F114: الموارد | G114: =SUMIFS(المرجع!$C$2:$C$19,المرجع!$A$2:$A$19,$E114,المرجع!$B$2:$B$19,$F114) -> 20 | H114: =65.92 -> 65.92 | I114: =G114*H114/100 -> 13.184
A115: E78 | B115: القطاع التنفيذي | C115: وكالة (أ) | D115: وحدة أ-٥ | E115: مرحلة التصميم | F115: الإجراءات | G115: =SUMIFS(المرجع!$C$2:$C$19,المرجع!$A$2:$A$19,$E115,المرجع!$B$2:$B$19,$F115) -> 5 | H115: =65.92 -> 65.92 | I115: =G115*H115/100 -> 3.296
A116: E79 | B116: القطاع التنفيذي | C116: وكالة (أ) | D116: وحدة أ-٥ | E116: التفعيل | F116: الدور | G116: =SUMIFS(المرجع!$C$2:$C$19,المرجع!$A$2:$A$19,$E116,المرجع!$B$2:$B$19,$F116) -> 15 | H116: 68 | I116: =G116*H116/100 -> 10.2
A117: E80 | B117: القطاع التنفيذي | C117: وكالة (أ) | D117: وحدة أ-٥ | E117: التفعيل | F117: الأهداف ومؤشرات الأداء | G117: =SUMIFS(المرجع!$C$2:$C$19,المرجع!$A$2:$A$19,$E117,المرجع!$B$2:$B$19,$F117) -> 15 | H117: 59 | I117: =G117*H117/100 -> 8.85
A118: E81 | B118: القطاع التنفيذي | C118: وكالة (أ) | D118: وحدة أ-٥ | E118: التفعيل | F118: الحوكمة | G118: =SUMIFS(المرجع!$C$2:$C$19,المرجع!$A$2:$A$19,$E118,المرجع!$B$2:$B$19,$F118) -> 15 | H118: 53 | I118: =G118*H118/100 -> 7.95
A119: E82 | B119: القطاع التنفيذي | C119: وكالة (أ) | D119: وحدة أ-٥ | E119: التفعيل | F119: التنظيم | G119: =SUMIFS(المرجع!$C$2:$C$19,المرجع!$A$2:$A$19,$E119,المرجع!$B$2:$B$19,$F119) -> 20 | H119: 77 | I119: =G119*H119/100 -> 15.4
A120: E83 | B120: القطاع التنفيذي | C120: وكالة (أ) | D120: وحدة أ-٥ | E120: التفعيل | F120: الموارد | G120: =SUMIFS(المرجع!$C$2:$C$19,المرجع!$A$2:$A$19,$E120,المرجع!$B$2:$B$19,$F120) -> 25 | H120: 76 | I120: =G120*H120/100 -> 19
A121: E84 | B121: القطاع التنفيذي | C121: وكالة (أ) | D121: وحدة أ-٥ | E121: التفعيل | F121: الإجراءات | G121: =SUMIFS(المرجع!$C$2:$C$19,المرجع!$A$2:$A$19,$E121,المرجع!$B$2:$B$19,$F121) -> 5 | H121: 50 | I121: =G121*H121/100 -> 2.5
A122: E85 | B122: القطاع التنفيذي | C122: وكالة (أ) | D122: وحدة أ-٥ | E122: التفعيل | F122: إنتاج المخرج الأول | G122: =SUMIFS(المرجع!$C$2:$C$19,المرجع!$A$2:$A$19,$E122,المرجع!$B$2:$B$19,$F122) -> 5 | H122: 48 | I122: =G122*H122/100 -> 2.4
A123: E86 | B123: القطاع التنفيذي | C123: وكالة (أ) | D123: وحدة أ-٥ | E123: مرحلة التشغيل | F123: الأهداف ومؤشرات الأداء | G123: =SUMIFS(المرجع!$C$2:$C$19,المرجع!$A$2:$A$19,$E123,المرجع!$B$2:$B$19,$F123) -> 25 | H123: 31 | I123: =G123*H123/100 -> 7.75
A124: E87 | B124: القطاع التنفيذي | C124: وكالة (أ) | D124: وحدة أ-٥ | E124: مرحلة التشغيل | F124: الحوكمة | G124: =SUMIFS(المرجع!$C$2:$C$19,المرجع!$A$2:$A$19,$E124,المرجع!$B$2:$B$19,$F124) -> 15 | H124: 33 | I124: =G124*H124/100 -> 4.95
...

Sheet النتائج
A1: القطاع | B1: الوكالة | C1: الوحدة المقاسة | D1: المرحلة | E1: درجة المرحلة | F1: التصنيف
A2: القطاع العسكري | B2: — | C2: القطاع العسكري | D2: مرحلة التصميم | E2: =SUMIFS('الإدخال والحساب'!$I$2:$I$289,'الإدخال والحساب'!$D$2:$D$289,$C2,'الإدخال والحساب'!$E$2:$E$289,$D2) -> 0 | F2: =IF(E2>المرجع!$F$3,"متقدم",IF(E2<=المرجع!$F$2,"أولي","جزئي")) -> أولي
A3: القطاع العسكري | B3: — | C3: القطاع العسكري | D3: التفعيل | E3: =SUMIFS('الإدخال والحساب'!$I$2:$I$289,'الإدخال والحساب'!$D$2:$D$289,$C3,'الإدخال والحساب'!$E$2:$E$289,$D3) -> 0 | F3: =IF(E3>المرجع!$F$3,"متقدم",IF(E3<=المرجع!$F$2,"أولي","جزئي")) -> أولي
A4: القطاع العسكري | B4: — | C4: القطاع العسكري | D4: مرحلة التشغيل | E4: =SUMIFS('الإدخال والحساب'!$I$2:$I$289,'الإدخال والحساب'!$D$2:$D$289,$C4,'الإدخال والحساب'!$E$2:$E$289,$D4) -> 0 | F4: =IF(E4>المرجع!$F$3,"متقدم",IF(E4<=المرجع!$F$2,"أولي","جزئي")) -> أولي
A5: القطاع الصحي | B5: — | C5: القطاع الصحي | D5: مرحلة التصميم | E5: =SUMIFS('الإدخال والحساب'!$I$2:$I$289,'الإدخال والحساب'!$D$2:$D$289,$C5,'الإدخال والحساب'!$E$2:$E$289,$D5) -> 0 | F5: =IF(E5>المرجع!$F$3,"متقدم",IF(E5<=المرجع!$F$2,"أولي","جزئي")) -> أولي
A6: القطاع الصحي | B6: — | C6: القطاع الصحي | D6: التفعيل | E6: =SUMIFS('الإدخال والحساب'!$I$2:$I$289,'الإدخال والحساب'!$D$2:$D$289,$C6,'الإدخال والحساب'!$E$2:$E$289,$D6) -> 0 | F6: =IF(E6>المرجع!$F$3,"متقدم",IF(E6<=المرجع!$F$2,"أولي","جزئي")) -> أولي
A7: القطاع الصحي | B7: — | C7: القطاع الصحي | D7: مرحلة التشغيل | E7: =SUMIFS('الإدخال والحساب'!$I$2:$I$289,'الإدخال والحساب'!$D$2:$D$289,$C7,'الإدخال والحساب'!$E$2:$E$289,$D7) -> 0 | F7: =IF(E7>المرجع!$F$3,"متقدم",IF(E7<=المرجع!$F$2,"أولي","جزئي")) -> أولي
A8: القطاع التنفيذي | B8: وكالة (أ) | C8: وحدة أ-١ | D8: مرحلة التصميم | E8: =SUMIFS('الإدخال والحساب'!$I$2:$I$289,'الإدخال والحساب'!$D$2:$D$289,$C8,'الإدخال والحساب'!$E$2:$E$289,$D8) -> 86.1675 | F8: =IF(E8>المرجع!$F$3,"متقدم",IF(E8<=المرجع!$F$2,"أولي","جزئي")) -> متقدم
A9: القطاع التنفيذي | B9: وكالة (أ) | C9: وحدة أ-١ | D9: التفعيل | E9: =SUMIFS('الإدخال والحساب'!$I$2:$I$289,'الإدخال والحساب'!$D$2:$D$289,$C9,'الإدخال والحساب'!$E$2:$E$289,$D9) -> 66.85 | F9: =IF(E9>المرجع!$F$3,"متقدم",IF(E9<=المرجع!$F$2,"أولي","جزئي")) -> جزئي
A10: القطاع التنفيذي | B10: وكالة (أ) | C10: وحدة أ-١ | D10: مرحلة التشغيل | E10: =SUMIFS('الإدخال والحساب'!$I$2:$I$289,'الإدخال والحساب'!$D$2:$D$289,$C10,'الإدخال والحساب'!$E$2:$E$289,$D10) -> 50.9 | F10: =IF(E10>المرجع!$F$3,"متقدم",IF(E10<=المرجع!$F$2,"أولي","جزئي")) -> جزئي
A11: القطاع التنفيذي | B11: وكالة (أ) | C11: وحدة أ-٢ | D11: مرحلة التصميم | E11: =SUMIFS('الإدخال والحساب'!$I$2:$I$289,'الإدخال والحساب'!$D$2:$D$289,$C11,'الإدخال والحساب'!$E$2:$E$289,$D11) -> 25.93 | F11: =IF(E11>المرجع!$F$3,"متقدم",IF(E11<=المرجع!$F$2,"أولي","جزئي")) -> أولي
A12: القطاع التنفيذي | B12: وكالة (أ) | C12: وحدة أ-٢ | D12: التفعيل | E12: =SUMIFS('الإدخال والحساب'!$I$2:$I$289,'الإدخال والحساب'!$D$2:$D$289,$C12,'الإدخال والحساب'!$E$2:$E$289,$D12) -> 60.05 | F12: =IF(E12>المرجع!$F$3,"متقدم",IF(E12<=المرجع!$F$2,"أولي","جزئي")) -> جزئي
A13: القطاع التنفيذي | B13: وكالة (أ) | C13: وحدة أ-٢ | D13: مرحلة التشغيل | E13: =SUMIFS('الإدخال والحساب'!$I$2:$I$289,'الإدخال والحساب'!$D$2:$D$289,$C13,'الإدخال والحساب'!$E$2:$E$289,$D13) -> 49 | F13: =IF(E13>المرجع!$F$3,"متقدم",IF(E13<=المرجع!$F$2,"أولي","جزئي")) -> جزئي
... A49: القطاع التنفيذي | B49: وكالة (و) | C49: وكالة (و) | D49: مرحلة التشغيل | E49: =SUMIFS('الإدخال والحساب'!$I$2:$I$289,'الإدخال والحساب'!$D$2:$D$289,$C49,'الإدخال والحساب'!$E$2:$E$289,$D49) -> 39.25 | F49: =IF(E49>المرجع!$F$3,"متقدم",IF(E49<=المرجع!$F$2,"أولي","جزئي")) -> جزئي

Sheet المرجع
A1: المرحلة | B1: العنصر | C1: الوزن | E1: حدود التصنيف
A2: مرحلة التصميم | B2: الدور | C2: 25 | E2: أولي: أقل من أو يساوي | F2: 30
A3: مرحلة التصميم | B3: الأهداف ومؤشرات الأداء | C3: 15 | E3: متقدم: أعلى من | F3: 70
A4: مرحلة التصميم | B4: الحوكمة | C4: 15 | E4: جزئي: ما بينهما
A5: مرحلة التصميم | B5: التنظيم | C5: 20
A6: مرحلة التصميم | B6: الموارد | C6: 20
A7: مرحلة التصميم | B7: الإجراءات | C7: 5
A8: التفعيل | B8: الدور | C8: 15
A9: التفعيل | B9: الأهداف ومؤشرات الأداء | C9: 15
A10: التفعيل | B10: الحوكمة | C10: 15
A11: التفعيل | B11: التنظيم | C11: 20
A12: التفعيل | B12: الموارد | C12: 25
A13: التفعيل | B13: الإجراءات | C13: 5
A14: التفعيل | B14: إنتاج المخرج الأول | C14: 5
A15: مرحلة التشغيل | B15: الأهداف ومؤشرات الأداء | C15: 25
A16: مرحلة التشغيل | B16: الحوكمة | C16: 15
... A19: مرحلة التشغيل | B19: اكتمال المخرجات المستهدفة | C19: 30
