Workbook

Sheet تعليمات
A1: دليل الاستخدام — قياس نضج النموذج التشغيلي للوحدات التنظيمية
A3: ١) منطق القياس (من الأسفل إلى الأعلى)
A4: نقطة التحقق ← العنصر ← المرحلة ← الوحدة التنظيمية
A5: • تُقاس كل نقطة تحقق على حدة لكل وحدة تنظيمية بنسبة من ٠ إلى ١٠٠، وتُصنَّف تلقائيًا: مستوفاة بشكل أولي ≤ ٣٠، جزئي ٣١–٧٠، متقدم > ٧٠ (نفس حدود التصنيف في «المرجع»).
A6: • نسبة اكتمال العنصر = متوسط نسب نقاط التحقق التابعة له (النقطة غير المقيّمة تُحتسب صفرًا).
A7: • الوزن المكتسب للعنصر = وزن العنصر في المرحلة × نسبة اكتماله ÷ ١٠٠.
A8: • درجة المرحلة = مجموع الأوزان المكتسبة لعناصرها (مجموع أوزان كل مرحلة = ١٠٠). والنضج النهائي المرجّح للوحدة = التصميم×٢٠٪ + البناء المؤسسي×٣٠٪ + التشغيل×٥٠٪ (الأوزان قابلة للتعديل في «المرجع» K9:K11). التصنيف: أولي ≤ ٣٠، جزئي ٣١–٧٠، متقدم > ٧٠.
A9: • التصنيف: أولي ≤ ٣٠، جزئي ٣١–٧٠، متقدم > ٧٠.
A11: ٢) بنية الملف
A12: • «المرجع»: المراحل الثلاث (التصميم / البناء المؤسسي / التشغيل) والعناصر وأوزانها وعدد نقاط التحقق وحدود التصنيف.
A13: • «نقاط التحقق»: نص كل نقطة تحقق وكودها والجهة المزودة للمعلومة (٣٠ نقطة).
A14: • «قائمة الوحدات»: سجل الوحدات المقاسة بأكوادها — نقطة التعريف الوحيدة لأي وحدة.
... A39: • أوراق الإدخال الثلاث متطابقة الأعمدة تمامًا فيمكن دمجها في مصفوفة واحدة بعد القراءة.

Sheet المرجع
A1: المرحلة | B1: كود المرحلة | C1: ترتيب المرحلة | D1: العنصر | E1: كود العنصر | F1: ترتيب العنصر | G1: الوزن في المرحلة % | H1: عدد نقاط التحقق | J1: حدود التصنيف | K1: القيمة
A2: التصميم | B2: DESIGN | C2: 1 | D2: الدور | E2: ROLE | F2: 1 | G2: 25 | H2: 1 | J2: أولي: أقل من أو يساوي | K2: 30
A3: التصميم | B3: DESIGN | C3: 1 | D3: الأهداف ومؤشرات الأداء | E3: KPI | F3: 2 | G3: 15 | H3: 2 | J3: متقدم: أعلى من | K3: 70
A4: التصميم | B4: DESIGN | C4: 1 | D4: الحوكمة | E4: GOV | F4: 3 | G4: 15 | H4: 1 | J4: جزئي: ما بينهما
A5: التصميم | B5: DESIGN | C5: 1 | D5: التنظيم | E5: ORG | F5: 4 | G5: 20 | H5: 1
A6: التصميم | B6: DESIGN | C6: 1 | D6: الموارد | E6: RES | F6: 5 | G6: 20 | H6: 1 | J6: ملاحظة: عدد نقاط التحقق مأخوذ من إطار نقاط التحقق المعتمد (ورقة «نقاط التحقق»).
A7: التصميم | B7: DESIGN | C7: 1 | D7: الإجراءات | E7: PROC | F7: 6 | G7: 5 | H7: 1
A8: البناء المؤسسي | B8: BUILD | C8: 2 | D8: الدور | E8: ROLE | F8: 1 | G8: 15 | H8: 1 | J8: أوزان المراحل للنضج النهائي | K8: الوزن %
A9: البناء المؤسسي | B9: BUILD | C9: 2 | D9: الأهداف ومؤشرات الأداء | E9: KPI | F9: 2 | G9: 15 | H9: 2 | J9: التصميم | K9: 20 | L9: DESIGN
A10: البناء المؤسسي | B10: BUILD | C10: 2 | D10: الحوكمة | E10: GOV | F10: 3 | G10: 15 | H10: 3 | J10: البناء المؤسسي | K10: 30 | L10: BUILD
A11: البناء المؤسسي | B11: BUILD | C11: 2 | D11: التنظيم | E11: ORG | F11: 4 | G11: 20 | H11: 3 | J11: التشغيل | K11: 50 | L11: OPERATE
A12: البناء المؤسسي | B12: BUILD | C12: 2 | D12: الموارد | E12: RES | F12: 5 | G12: 25 | H12: 4 | J12: المجموع يجب أن يساوي ١٠٠
A13: البناء المؤسسي | B13: BUILD | C13: 2 | D13: الإجراءات | E13: PROC | F13: 6 | G13: 5 | H13: 1
A14: البناء المؤسسي | B14: BUILD | C14: 2 | D14: إنتاج المخرج الأول | E14: OUT1 | F14: 7 | G14: 5 | H14: 1
A15: التشغيل | B15: OPERATE | C15: 3 | D15: الأهداف ومؤشرات الأداء | E15: KPI | F15: 2 | G15: 25 | H15: 2
A16: التشغيل | B16: OPERATE | C16: 3 | D16: الحوكمة | E16: GOV | F16: 3 | G16: 15 | H16: 3
A17: التشغيل | B17: OPERATE | C17: 3 | D17: الموارد | E17: RES | F17: 5 | G17: 15 | H17: 1
A18: التشغيل | B18: OPERATE | C18: 3 | D18: الإجراءات | E18: PROC | F18: 6 | G18: 15 | H18: 1
A19: التشغيل | B19: OPERATE | C19: 3 | D19: اكتمال المخرجات المستهدفة | E19: OUTF | F19: 8 | G19: 30 | H19: 1

Sheet نقاط التحقق
A1: كود النقطة | B1: المرحلة | C1: كود المرحلة | D1: العنصر | E1: كود العنصر | F1: رقم النقطة | G1: نص نقطة التحقق | H1: الجهة المزودة للمعلومة
A2: DESIGN-ROLE-1 | B2: التصميم | C2: DESIGN | D2: الدور | E2: ROLE | F2: 1 | G2: دور مفصل للوحدة التنظيمية
A3: DESIGN-KPI-1 | B3: التصميم | C3: DESIGN | D3: الأهداف ومؤشرات الأداء | E3: KPI | F3: 1 | G3: أهداف محددة للوحدة التنظيمية وربطها بمؤشرات أداء لقياسها
A4: DESIGN-KPI-2 | B4: التصميم | C4: DESIGN | D4: الأهداف ومؤشرات الأداء | E4: KPI | F4: 2 | G4: مؤشرات أداء الوحدة التنظيمية
A5: DESIGN-GOV-1 | B5: التصميم | C5: DESIGN | D5: الحوكمة | E5: GOV | F5: 1 | G5: تفصيل القرارات ومصفوفة الصلاحيات واللجان ذات العلاقة لاعتماد مخرجات الوحدة التنظيمية
A6: DESIGN-ORG-1 | B6: التصميم | C6: DESIGN | D6: التنظيم | E6: ORG | F6: 1 | G6: تطوير الأدوار والمسؤوليات للوحدة التنظيمية وتفصيل الهيكل التنظيمي
A7: DESIGN-RES-1 | B7: التصميم | C7: DESIGN | D7: الموارد | E7: RES | F7: 1 | G7: تفصيل احتياج الموارد البشرية للوحدة التنظيمية
A8: DESIGN-PROC-1 | B8: التصميم | C8: DESIGN | D8: الإجراءات | E8: PROC | F8: 1 | G8: تفصيل المخرجات إلى إجراءات عالية المستوى
A9: BUILD-ROLE-1 | B9: البناء المؤسسي | C9: BUILD | D9: الدور | E9: ROLE | F9: 1 | G9: دور معتمد للوحدة التنظيمية
A10: BUILD-KPI-1 | B10: البناء المؤسسي | C10: BUILD | D10: الأهداف ومؤشرات الأداء | E10: KPI | F10: 1 | G10: أهداف تشغيلية معتمدة من صاحب الصلاحية
A11: BUILD-KPI-2 | B11: البناء المؤسسي | C11: BUILD | D11: الأهداف ومؤشرات الأداء | E11: KPI | F11: 2 | G11: نشر الأهداف التشغيلية على موظفي الوحدة التنظيمية
A12: BUILD-GOV-1 | B12: البناء المؤسسي | C12: BUILD | D12: الحوكمة | E12: GOV | F12: 1 | G12: مصفوفة صلاحيات معتمدة ومعممة على أصحاب المصلحة
A13: BUILD-GOV-2 | B13: البناء المؤسسي | C13: BUILD | D13: الحوكمة | E13: GOV | F13: 2 | G13: سياسات معتمدة للتي تملكها الوحدة التنظيمية
... A31: OPERATE-OUTF-1 | B31: التشغيل | C31: OPERATE | D31: اكتمال المخرجات المستهدفة | E31: OUTF | F31: 1 | G31: اكتمال مخرجات النموذج التشغيلي المستهدف للوحدة التنظيمية

Sheet قائمة الوحدات
A1: كود الوحدة | B1: كود المجموعة | C1: المجموعة | D1: الوحدة التنظيمية الرئيسية | E1: الوحدة التنظيمية الفرعية | F1: الوحدة المقاسة | G1: مستوى الوحدة | H1: ورقة الإدخال | I1: عدد نقاط التحقق المقاسة
A2: TOP-01 | B2: TOP | C2: المرتبطة بسمو الوزير | D2: المكتب التنفيذي | E2: — | F2: =IF($E2="—",$D2,$E2) -> المكتب التنفيذي | G2: إدارة | H2: المرتبطة بالمسؤول الأول | I2: =COUNTIF('المرتبطة بسمو الوزير'!$B$2:$B$700,$A2) -> 30
A3: TOP-02 | B3: TOP | C3: المرتبطة بسمو الوزير | D3: إدارة المتابعة والتقارير | E3: — | F3: =IF($E3="—",$D3,$E3) -> إدارة المتابعة والتقارير | G3: إدارة | H3: المرتبطة بالمسؤول الأول | I3: =COUNTIF('المرتبطة بسمو الوزير'!$B$2:$B$700,$A3) -> 30
A4: TOP-03 | B4: TOP | C4: المرتبطة بسمو الوزير | D4: إدارة الحوكمة والمخاطر | E4: — | F4: =IF($E4="—",$D4,$E4) -> إدارة الحوكمة والمخاطر | G4: إدارة | H4: المرتبطة بالمسؤول الأول | I4: =COUNTIF('المرتبطة بسمو الوزير'!$B$2:$B$700,$A4) -> 30
A5: TOP-04 | B5: TOP | C5: المرتبطة بسمو الوزير | D5: إدارة الشؤون القانونية | E5: — | F5: =IF($E5="—",$D5,$E5) -> إدارة الشؤون القانونية | G5: إدارة | H5: المرتبطة بالمسؤول الأول | I5: =COUNTIF('المرتبطة بسمو الوزير'!$B$2:$B$700,$A5) -> 30
A6: TOP-05 | B6: TOP | C6: المرتبطة بسمو الوزير | D6: إدارة التميز المؤسسي | E6: — | F6: =IF($E6="—",$D6,$E6) -> إدارة التميز المؤسسي | G6: إدارة | H6: المرتبطة بالمسؤول الأول | I6: =COUNTIF('المرتبطة بسمو الوزير'!$B$2:$B$700,$A6) -> 30
A7: EXE-01 | B7: EXE | C7: الشؤون التنفيذية | D7: وكالة الشؤون الفنية | E7: الإدارة العامة للتخطيط والدراسات | F7: =IF($E7="—",$D7,$E7) -> الإدارة العامة للتخطيط والدراسات | G7: إدارة عامة | H7: الشؤون التنفيذية | I7: =COUNTIF('الشؤون التنفيذية'!$B$2:$B$700,$A7) -> 30
A8: EXE-02 | B8: EXE | C8: الشؤون التنفيذية | D8: وكالة الشؤون الفنية | E8: الإدارة العامة للجودة والتطوير | F8: =IF($E8="—",$D8,$E8) -> الإدارة العامة للجودة والتطوير | G8: إدارة عامة | H8: الشؤون التنفيذية | I8: =COUNTIF('الشؤون التنفيذية'!$B$2:$B$700,$A8) -> 30
A9: EXE-03 | B9: EXE | C9: الشؤون التنفيذية | D9: وكالة الشؤون الفنية | E9: الإدارة العامة للمشاريع | F9: =IF($E9="—",$D9,$E9) -> الإدارة العامة للمشاريع | G9: إدارة عامة | H9: الشؤون التنفيذية | I9: =COUNTIF('الشؤون التنفيذية'!$B$2:$B$700,$A9) -> 30
A10: EXE-04 | B10: EXE | C10: الشؤون التنفيذية | D10: وكالة الشؤون الفنية | E10: الإدارة العامة للتشغيل والصيانة | F10: =IF($E10="—",$D10,$E10) -> الإدارة العامة للتشغيل والصيانة | G10: إدارة عامة | H10: الشؤون التنفيذية | I10: =COUNTIF('الشؤون التنفيذية'!$B$2:$B$700,$A10) -> 30
A11: EXE-05 | B11: EXE | C11: الشؤون التنفيذية | D11: وكالة الشؤون الفنية | E11: الإدارة العامة للسلامة والبيئة | F11: =IF($E11="—",$D11,$E11) -> الإدارة العامة للسلامة والبيئة | G11: إدارة عامة | H11: الشؤون التنفيذية | I11: =COUNTIF('الشؤون التنفيذية'!$B$2:$B$700,$A11) -> 30
A12: EXE-06 | B12: EXE | C12: الشؤون التنفيذية | D12: وكالة الشؤون الفنية | E12: الإدارة العامة للأصول والمرافق | F12: =IF($E12="—",$D12,$E12) -> الإدارة العامة للأصول والمرافق | G12: إدارة عامة | H12: الشؤون التنفيذية | I12: =COUNTIF('الشؤون التنفيذية'!$B$2:$B$700,$A12) -> 30
A13: EXE-07 | B13: EXE | C13: الشؤون التنفيذية | D13: وكالة الشؤون الفنية | E13: الإدارة العامة للأمن والحماية | F13: =IF($E13="—",$D13,$E13) -> الإدارة العامة للأمن والحماية | G13: إدارة عامة | H13: الشؤون التنفيذية | I13: =COUNTIF('الشؤون التنفيذية'!$B$2:$B$700,$A13) -> 30
A14: EXE-08 | B14: EXE | C14: الشؤون التنفيذية | D14: وكالة الخدمات المساندة | E14: الإدارة العامة للموارد البشرية | F14: =IF($E14="—",$D14,$E14) -> الإدارة العامة للموارد البشرية | G14: إدارة عامة | H14: الشؤون التنفيذية | I14: =COUNTIF('الشؤون التنفيذية'!$B$2:$B$700,$A14) -> 30
A15: EXE-09 | B15: EXE | C15: الشؤون التنفيذية | D15: وكالة الخدمات المساندة | E15: الإدارة العامة للشؤون المالية | F15: =IF($E15="—",$D15,$E15) -> الإدارة العامة للشؤون المالية | G15: إدارة عامة | H15: الشؤون التنفيذية | I15: =COUNTIF('الشؤون التنفيذية'!$B$2:$B$700,$A15) -> 30
A16: EXE-10 | B16: EXE | C16: الشؤون التنفيذية | D16: وكالة الخدمات المساندة | E16: الإدارة العامة لتقنية المعلومات | F16: =IF($E16="—",$D16,$E16) -> الإدارة العامة لتقنية المعلومات | G16: إدارة عامة | H16: الشؤون التنفيذية | I16: =COUNTIF('الشؤون التنفيذية'!$B$2:$B$700,$A16) -> 30
A17: EXE-11 | B17: EXE | C17: الشؤون التنفيذية | D17: وكالة الشؤون الاستراتيجية | E17: — | F17: =IF($E17="—",$D17,$E17) -> وكالة الشؤون الاستراتيجية | G17: وكالة | H17: الشؤون التنفيذية | I17: =COUNTIF('الشؤون التنفيذية'!$B$2:$B$700,$A17) -> 30
A18: EXE-12 | B18: EXE | C18: الشؤون التنفيذية | D18: وكالة التحول الرقمي | E18: — | F18: =IF($E18="—",$D18,$E18) -> وكالة التحول الرقمي | G18: وكالة | H18: الشؤون التنفيذية | I18: =COUNTIF('الشؤون التنفيذية'!$B$2:$B$700,$A18) -> 30
... A20: EXE-14 | B20: EXE | C20: الشؤون التنفيذية | D20: وكالة الرقابة والالتزام | E20: — | F20: =IF($E20="—",$D20,$E20) -> وكالة الرقابة والالتزام | G20: وكالة | H20: الشؤون التنفيذية | I20: =COUNTIF('الشؤون التنفيذية'!$B$2:$B$700,$A20) -> 30
A21: MIL-01 | B21: MIL | C21: الجهاز العسكري | D21: هيئة الأركان | E21: — | F21: =IF($E21="—",$D21,$E21) -> هيئة الأركان | G21: إدارة | H21: الجهاز العسكري | I21: =COUNTIF('الجهاز العسكري'!$B$2:$B$700,$A21) -> 30
A22: MIL-02 | B22: MIL | C22: الجهاز العسكري | D22: قيادة القوات البرية | E22: — | F22: =IF($E22="—",$D22,$E22) -> قيادة القوات البرية | G22: إدارة | H22: الجهاز العسكري | I22: =COUNTIF('الجهاز العسكري'!$B$2:$B$700,$A22) -> 30
A23: MIL-03 | B23: MIL | C23: الجهاز العسكري | D23: قيادة القوات الجوية | E23: — | F23: =IF($E23="—",$D23,$E23) -> قيادة القوات الجوية | G23: إدارة | H23: الجهاز العسكري | I23: =COUNTIF('الجهاز العسكري'!$B$2:$B$700,$A23) -> 30
A24: MIL-04 | B24: MIL | C24: الجهاز العسكري | D24: قيادة القوات البحرية | E24: — | F24: =IF($E24="—",$D24,$E24) -> قيادة القوات البحرية | G24: إدارة | H24: الجهاز العسكري | I24: =COUNTIF('الجهاز العسكري'!$B$2:$B$700,$A24) -> 30
A25: MIL-05 | B25: MIL | C25: الجهاز العسكري | D25: قيادة قوات الدفاع الجوي | E25: — | F25: =IF($E25="—",$D25,$E25) -> قيادة قوات الدفاع الجوي | G25: إدارة | H25: الجهاز العسكري | I25: =COUNTIF('الجهاز العسكري'!$B$2:$B$700,$A25) -> 30
A26: MIL-06 | B26: MIL | C26: الجهاز العسكري | D26: قيادة القوات الاستراتيجية | E26: — | F26: =IF($E26="—",$D26,$E26) -> قيادة القوات الاستراتيجية | G26: إدارة | H26: الجهاز العسكري | I26: =COUNTIF('الجهاز العسكري'!$B$2:$B$700,$A26) -> 30
A27: MIL-07 | B27: MIL | C27: الجهاز العسكري | D27: الإدارة العامة للاستخبارات العسكرية | E27: — | F27: =IF($E27="—",$D27,$E27) -> الإدارة العامة للاستخبارات العسكرية | G27: إدارة | H27: الجهاز العسكري | I27: =COUNTIF('الجهاز العسكري'!$B$2:$B$700,$A27) -> 30
A28: MIL-08 | B28: MIL | C28: الجهاز العسكري | D28: الإدارة العامة للعمليات المشتركة | E28: — | F28: =IF($E28="—",$D28,$E28) -> الإدارة العامة للعمليات المشتركة | G28: إدارة | H28: الجهاز العسكري | I28: =COUNTIF('الجهاز العسكري'!$B$2:$B$700,$A28) -> 30
A29: MIL-09 | B29: MIL | C29: الجهاز العسكري | D29: الإدارة العامة للتخطيط والتنظيم العسكري | E29: — | F29: =IF($E29="—",$D29,$E29) -> الإدارة العامة للتخطيط والتنظيم العسكري | G29: إدارة | H29: الجهاز العسكري | I29: =COUNTIF('الجهاز العسكري'!$B$2:$B$700,$A29) -> 30
A30: MIL-10 | B30: MIL | C30: الجهاز العسكري | D30: الإدارة العامة للإمداد والتموين | E30: — | F30: =IF($E30="—",$D30,$E30) -> الإدارة العامة للإمداد والتموين | G30: إدارة | H30: الجهاز العسكري | I30: =COUNTIF('الجهاز العسكري'!$B$2:$B$700,$A30) -> 30
A31: MIL-11 | B31: MIL | C31: الجهاز العسكري | D31: الإدارة العامة للاتصالات وتقنية المعلومات العسكرية | E31: — | F31: =IF($E31="—",$D31,$E31) -> الإدارة العامة للاتصالات وتقنية المعلومات العسكرية | G31: إدارة | H31: الجهاز العسكري | I31: =COUNTIF('الجهاز العسكري'!$B$2:$B$700,$A31) -> 30
A32: MIL-12 | B32: MIL | C32: الجهاز العسكري | D32: الإدارة العامة للشؤون الهندسية العسكرية | E32: — | F32: =IF($E32="—",$D32,$E32) -> الإدارة العامة للشؤون الهندسية العسكرية | G32: إدارة | H32: الجهاز العسكري | I32: =COUNTIF('الجهاز العسكري'!$B$2:$B$700,$A32) -> 30
... A41: MIL-21 | B41: MIL | C41: الجهاز العسكري | D41: الإدارة العامة للمراسم والتشريفات العسكرية | E41: — | F41: =IF($E41="—",$D41,$E41) -> الإدارة العامة للمراسم والتشريفات العسكرية | G41: إدارة | H41: الجهاز العسكري | I41: =COUNTIF('الجهاز العسكري'!$B$2:$B$700,$A41) -> 30

Sheet المرتبطة بسمو الوزير
A1: معرف الصف | B1: كود الوحدة | C1: كود المجموعة | D1: القطاع | E1: الوحدة التنظيمية الرئيسية | F1: الوحدة التنظيمية الفرعية | G1: كود المرحلة | H1: المرحلة | I1: كود العنصر | J1: العنصر | K1: كود النقطة | L1: نص نقطة التحقق | M1: نسبة إنجاز النقطة % | N1: نسبة إنجاز النقطة المستهدفة لعام 2026 % | O1: حالة النقطة | P1: ملاحظات النقطة
A2: TOP-01-DESIGN-ROLE-1 | B2: TOP-01 | C2: =IFERROR(INDEX('قائمة الوحدات'!$B$2:$B$41,MATCH($B2,'قائمة الوحدات'!$A$2:$A$41,0)),"") -> TOP | D2: =IFERROR(INDEX('قائمة الوحدات'!$C$2:$C$41,MATCH($B2,'قائمة الوحدات'!$A$2:$A$41,0)),"") -> المرتبطة بسمو الوزير | E2: =IFERROR(INDEX('قائمة الوحدات'!$D$2:$D$41,MATCH($B2,'قائمة الوحدات'!$A$2:$A$41,0)),"") -> المكتب التنفيذي | F2: =IFERROR(INDEX('قائمة الوحدات'!$F$2:$F$41,MATCH($B2,'قائمة الوحدات'!$A$2:$A$41,0)),"") -> المكتب التنفيذي | G2: DESIGN | H2: =IFERROR(INDEX(المرجع!$A$2:$A$19,MATCH($G2,المرجع!$B$2:$B$19,0)),"") -> التصميم | I2: ROLE | J2: =IFERROR(INDEX(المرجع!$D$2:$D$19,MATCH($I2,المرجع!$E$2:$E$19,0)),"") -> الدور | K2: DESIGN-ROLE-1 | L2: =IFERROR(INDEX('نقاط التحقق'!$G$2:$G$31,MATCH($K2,'نقاط التحقق'!$A$2:$A$31,0))&"","") -> دور مفصل للوحدة التنظيمية | M2: 50 | N2: 90 | O2: =IF($M2="","غير مقيّمة",IF($M2>المرجع!$K$3,"مستوفاة بشكل متقدم",IF($M2<=المرجع!$K$2,"مستوفاة بشكل أولي","مستوفاة بشكل جزئي"))) -> مستوفاة بشكل جزئي | P2: الملاحظات فيذا
A3: TOP-01-DESIGN-KPI-1 | B3: TOP-01 | C3: =IFERROR(INDEX('قائمة الوحدات'!$B$2:$B$41,MATCH($B3,'قائمة الوحدات'!$A$2:$A$41,0)),"") -> TOP | D3: =IFERROR(INDEX('قائمة الوحدات'!$C$2:$C$41,MATCH($B3,'قائمة الوحدات'!$A$2:$A$41,0)),"") -> المرتبطة بسمو الوزير | E3: =IFERROR(INDEX('قائمة الوحدات'!$D$2:$D$41,MATCH($B3,'قائمة الوحدات'!$A$2:$A$41,0)),"") -> المكتب التنفيذي | F3: =IFERROR(INDEX('قائمة الوحدات'!$F$2:$F$41,MATCH($B3,'قائمة الوحدات'!$A$2:$A$41,0)),"") -> المكتب التنفيذي | G3: DESIGN | H3: =IFERROR(INDEX(المرجع!$A$2:$A$19,MATCH($G3,المرجع!$B$2:$B$19,0)),"") -> التصميم | I3: KPI | J3: =IFERROR(INDEX(المرجع!$D$2:$D$19,MATCH($I3,المرجع!$E$2:$E$19,0)),"") -> الأهداف ومؤشرات الأداء | K3: DESIGN-KPI-1 | L3: =IFERROR(INDEX('نقاط التحقق'!$G$2:$G$31,MATCH($K3,'نقاط التحقق'!$A$2:$A$31,0))&"","") -> أهداف محددة للوحدة التنظيمية وربطها بمؤشرات أداء لقياسها | M3: 85 | N3: 85 | O3: =IF($M3="","غير مقيّمة",IF($M3>المرجع!$K$3,"مستوفاة بشكل متقدم",IF($M3<=المرجع!$K$2,"مستوفاة بشكل أولي","مستوفاة بشكل جزئي"))) -> مستوفاة بشكل متقدم | P3: الملاحظات فيذا
A4: TOP-01-DESIGN-KPI-2 | B4: TOP-01 | C4: =IFERROR(INDEX('قائمة الوحدات'!$B$2:$B$41,MATCH($B4,'قائمة الوحدات'!$A$2:$A$41,0)),"") -> TOP | D4: =IFERROR(INDEX('قائمة الوحدات'!$C$2:$C$41,MATCH($B4,'قائمة الوحدات'!$A$2:$A$41,0)),"") -> المرتبطة بسمو الوزير | E4: =IFERROR(INDEX('قائمة الوحدات'!$D$2:$D$41,MATCH($B4,'قائمة الوحدات'!$A$2:$A$41,0)),"") -> المكتب التنفيذي | F4: =IFERROR(INDEX('قائمة الوحدات'!$F$2:$F$41,MATCH($B4,'قائمة الوحدات'!$A$2:$A$41,0)),"") -> المكتب التنفيذي | G4: DESIGN | H4: =IFERROR(INDEX(المرجع!$A$2:$A$19,MATCH($G4,المرجع!$B$2:$B$19,0)),"") -> التصميم | I4: KPI | J4: =IFERROR(INDEX(المرجع!$D$2:$D$19,MATCH($I4,المرجع!$E$2:$E$19,0)),"") -> الأهداف ومؤشرات الأداء | K4: DESIGN-KPI-2 | L4: =IFERROR(INDEX('نقاط التحقق'!$G$2:$G$31,MATCH($K4,'نقاط التحقق'!$A$2:$A$31,0))&"","") -> مؤشرات أداء الوحدة التنظيمية | M4: 60 | N4: 95 | O4: =IF($M4="","غير مقيّمة",IF($M4>المرجع!$K$3,"مستوفاة بشكل متقدم",IF($M4<=المرجع!$K$2,"مستوفاة بشكل أولي","مستوفاة بشكل جزئي"))) -> مستوفاة بشكل جزئي | P4: الملاحظات فيذا
A5: TOP-01-DESIGN-GOV-1 | B5: TOP-01 | C5: =IFERROR(INDEX('قائمة الوحدات'!$B$2:$B$41,MATCH($B5,'قائمة الوحدات'!$A$2:$A$41,0)),"") -> TOP | D5: =IFERROR(INDEX('قائمة الوحدات'!$C$2:$C$41,MATCH($B5,'قائمة الوحدات'!$A$2:$A$41,0)),"") -> المرتبطة بسمو الوزير | E5: =IFERROR(INDEX('قائمة الوحدات'!$D$2:$D$41,MATCH($B5,'قائمة الوحدات'!$A$2:$A$41,0)),"") -> المكتب التنفيذي | F5: =IFERROR(INDEX('قائمة الوحدات'!$F$2:$F$41,MATCH($B5,'قائمة الوحدات'!$A$2:$A$41,0)),"") -> المكتب التنفيذي | G5: DESIGN | H5: =IFERROR(INDEX(المرجع!$A$2:$A$19,MATCH($G5,المرجع!$B$2:$B$19,0)),"") -> التصميم | I5: GOV | J5: =IFERROR(INDEX(المرجع!$D$2:$D$19,MATCH($I5,المرجع!$E$2:$E$19,0)),"") -> الحوكمة | K5: DESIGN-GOV-1 | L5: =IFERROR(INDEX('نقاط التحقق'!$G$2:$G$31,MATCH($K5,'نقاط التحقق'!$A$2:$A$31,0))&"","") -> تفصيل القرارات ومصفوفة الصلاحيات واللجان ذات العلاقة لاعتماد مخرجات الوحدة التنظيمية | M5: 87 | N5: 100 | O5: =IF($M5="","غير مقيّمة",IF($M5>المرجع!$K$3,"مستوفاة بشكل متقدم",IF($M5<=المرجع!$K$2,"مستوفاة بشكل أولي","مستوفاة بشكل جزئي"))) -> مستوفاة بشكل متقدم | P5: الملاحظات فيذا
A6: TOP-01-DESIGN-ORG-1 | B6: TOP-01 | C6: =IFERROR(INDEX('قائمة الوحدات'!$B$2:$B$41,MATCH($B6,'قائمة الوحدات'!$A$2:$A$41,0)),"") -> TOP | D6: =IFERROR(INDEX('قائمة الوحدات'!$C$2:$C$41,MATCH($B6,'قائمة الوحدات'!$A$2:$A$41,0)),"") -> المرتبطة بسمو الوزير | E6: =IFERROR(INDEX('قائمة الوحدات'!$D$2:$D$41,MATCH($B6,'قائمة الوحدات'!$A$2:$A$41,0)),"") -> المكتب التنفيذي | F6: =IFERROR(INDEX('قائمة الوحدات'!$F$2:$F$41,MATCH($B6,'قائمة الوحدات'!$A$2:$A$41,0)),"") -> المكتب التنفيذي | G6: DESIGN | H6: =IFERROR(INDEX(المرجع!$A$2:$A$19,MATCH($G6,المرجع!$B$2:$B$19,0)),"") -> التصميم | I6: ORG | J6: =IFERROR(INDEX(المرجع!$D$2:$D$19,MATCH($I6,المرجع!$E$2:$E$19,0)),"") -> التنظيم | K6: DESIGN-ORG-1 | L6: =IFERROR(INDEX('نقاط التحقق'!$G$2:$G$31,MATCH($K6,'نقاط التحقق'!$A$2:$A$31,0))&"","") -> تطوير الأدوار والمسؤوليات للوحدة التنظيمية وتفصيل الهيكل التنظيمي | M6: 82 | N6: 82 | O6: =IF($M6="","غير مقيّمة",IF($M6>المرجع!$K$3,"مستوفاة بشكل متقدم",IF($M6<=المرجع!$K$2,"مستوفاة بشكل أولي","مستوفاة بشكل جزئي"))) -> مستوفاة بشكل متقدم | P6: الملاحظات فيذا
A7: TOP-01-DESIGN-RES-1 | B7: TOP-01 | C7: =IFERROR(INDEX('قائمة الوحدات'!$B$2:$B$41,MATCH($B7,'قائمة الوحدات'!$A$2:$A$41,0)),"") -> TOP | D7: =IFERROR(INDEX('قائمة الوحدات'!$C$2:$C$41,MATCH($B7,'قائمة الوحدات'!$A$2:$A$41,0)),"") -> المرتبطة بسمو الوزير | E7: =IFERROR(INDEX('قائمة الوحدات'!$D$2:$D$41,MATCH($B7,'قائمة الوحدات'!$A$2:$A$41,0)),"") -> المكتب التنفيذي | F7: =IFERROR(INDEX('قائمة الوحدات'!$F$2:$F$41,MATCH($B7,'قائمة الوحدات'!$A$2:$A$41,0)),"") -> المكتب التنفيذي | G7: DESIGN | H7: =IFERROR(INDEX(المرجع!$A$2:$A$19,MATCH($G7,المرجع!$B$2:$B$19,0)),"") -> التصميم | I7: RES | J7: =IFERROR(INDEX(المرجع!$D$2:$D$19,MATCH($I7,المرجع!$E$2:$E$19,0)),"") -> الموارد | K7: DESIGN-RES-1 | L7: =IFERROR(INDEX('نقاط التحقق'!$G$2:$G$31,MATCH($K7,'نقاط التحقق'!$A$2:$A$31,0))&"","") -> تفصيل احتياج الموارد البشرية للوحدة التنظيمية | M7: 96 | N7: 96 | O7: =IF($M7="","غير مقيّمة",IF($M7>المرجع!$K$3,"مستوفاة بشكل متقدم",IF($M7<=المرجع!$K$2,"مستوفاة بشكل أولي","مستوفاة بشكل جزئي"))) -> مستوفاة بشكل متقدم | P7: الملاحظات فيذا
A8: TOP-01-DESIGN-PROC-1 | B8: TOP-01 | C8: =IFERROR(INDEX('قائمة الوحدات'!$B$2:$B$41,MATCH($B8,'قائمة الوحدات'!$A$2:$A$41,0)),"") -> TOP | D8: =IFERROR(INDEX('قائمة الوحدات'!$C$2:$C$41,MATCH($B8,'قائمة الوحدات'!$A$2:$A$41,0)),"") -> المرتبطة بسمو الوزير | E8: =IFERROR(INDEX('قائمة الوحدات'!$D$2:$D$41,MATCH($B8,'قائمة الوحدات'!$A$2:$A$41,0)),"") -> المكتب التنفيذي | F8: =IFERROR(INDEX('قائمة الوحدات'!$F$2:$F$41,MATCH($B8,'قائمة الوحدات'!$A$2:$A$41,0)),"") -> المكتب التنفيذي | G8: DESIGN | H8: =IFERROR(INDEX(المرجع!$A$2:$A$19,MATCH($G8,المرجع!$B$2:$B$19,0)),"") -> التصميم | I8: PROC | J8: =IFERROR(INDEX(المرجع!$D$2:$D$19,MATCH($I8,المرجع!$E$2:$E$19,0)),"") -> الإجراءات | K8: DESIGN-PROC-1 | L8: =IFERROR(INDEX('نقاط التحقق'!$G$2:$G$31,MATCH($K8,'نقاط التحقق'!$A$2:$A$31,0))&"","") -> تفصيل المخرجات إلى إجراءات عالية المستوى | M8: 75 | N8: 100 | O8: =IF($M8="","غير مقيّمة",IF($M8>المرجع!$K$3,"مستوفاة بشكل متقدم",IF($M8<=المرجع!$K$2,"مستوفاة بشكل أولي","مستوفاة بشكل جزئي"))) -> مستوفاة بشكل متقدم | P8: الملاحظات فيذا
A9: TOP-01-BUILD-ROLE-1 | B9: TOP-01 | C9: =IFERROR(INDEX('قائمة الوحدات'!$B$2:$B$41,MATCH($B9,'قائمة الوحدات'!$A$2:$A$41,0)),"") -> TOP | D9: =IFERROR(INDEX('قائمة الوحدات'!$C$2:$C$41,MATCH($B9,'قائمة الوحدات'!$A$2:$A$41,0)),"") -> المرتبطة بسمو الوزير | E9: =IFERROR(INDEX('قائمة الوحدات'!$D$2:$D$41,MATCH($B9,'قائمة الوحدات'!$A$2:$A$41,0)),"") -> المكتب التنفيذي | F9: =IFERROR(INDEX('قائمة الوحدات'!$F$2:$F$41,MATCH($B9,'قائمة الوحدات'!$A$2:$A$41,0)),"") -> المكتب التنفيذي | G9: BUILD | H9: =IFERROR(INDEX(المرجع!$A$2:$A$19,MATCH($G9,المرجع!$B$2:$B$19,0)),"") -> البناء المؤسسي | I9: ROLE | J9: =IFERROR(INDEX(المرجع!$D$2:$D$19,MATCH($I9,المرجع!$E$2:$E$19,0)),"") -> الدور | K9: BUILD-ROLE-1 | L9: =IFERROR(INDEX('نقاط التحقق'!$G$2:$G$31,MATCH($K9,'نقاط التحقق'!$A$2:$A$31,0))&"","") -> دور معتمد للوحدة التنظيمية | M9: 55 | N9: 100 | O9: =IF($M9="","غير مقيّمة",IF($M9>المرجع!$K$3,"مستوفاة بشكل متقدم",IF($M9<=المرجع!$K$2,"مستوفاة بشكل أولي","مستوفاة بشكل جزئي"))) -> مستوفاة بشكل جزئي | P9: الملاحظات فيذا
A10: TOP-01-BUILD-KPI-1 | B10: TOP-01 | C10: =IFERROR(INDEX('قائمة الوحدات'!$B$2:$B$41,MATCH($B10,'قائمة الوحدات'!$A$2:$A$41,0)),"") -> TOP | D10: =IFERROR(INDEX('قائمة الوحدات'!$C$2:$C$41,MATCH($B10,'قائمة الوحدات'!$A$2:$A$41,0)),"") -> المرتبطة بسمو الوزير | E10: =IFERROR(INDEX('قائمة الوحدات'!$D$2:$D$41,MATCH($B10,'قائمة الوحدات'!$A$2:$A$41,0)),"") -> المكتب التنفيذي | F10: =IFERROR(INDEX('قائمة الوحدات'!$F$2:$F$41,MATCH($B10,'قائمة الوحدات'!$A$2:$A$41,0)),"") -> المكتب التنفيذي | G10: BUILD | H10: =IFERROR(INDEX(المرجع!$A$2:$A$19,MATCH($G10,المرجع!$B$2:$B$19,0)),"") -> البناء المؤسسي | I10: KPI | J10: =IFERROR(INDEX(المرجع!$D$2:$D$19,MATCH($I10,المرجع!$E$2:$E$19,0)),"") -> الأهداف ومؤشرات الأداء | K10: BUILD-KPI-1 | L10: =IFERROR(INDEX('نقاط التحقق'!$G$2:$G$31,MATCH($K10,'نقاط التحقق'!$A$2:$A$31,0))&"","") -> أهداف تشغيلية معتمدة من صاحب الصلاحية | M10: 70 | N10: 80 | O10: =IF($M10="","غير مقيّمة",IF($M10>المرجع!$K$3,"مستوفاة بشكل متقدم",IF($M10<=المرجع!$K$2,"مستوفاة بشكل أولي","مستوفاة بشكل جزئي"))) -> مستوفاة بشكل جزئي | P10: الملاحظات فيذا
A11: TOP-01-BUILD-KPI-2 | B11: TOP-01 | C11: =IFERROR(INDEX('قائمة الوحدات'!$B$2:$B$41,MATCH($B11,'قائمة الوحدات'!$A$2:$A$41,0)),"") -> TOP | D11: =IFERROR(INDEX('قائمة الوحدات'!$C$2:$C$41,MATCH($B11,'قائمة الوحدات'!$A$2:$A$41,0)),"") -> المرتبطة بسمو الوزير | E11: =IFERROR(INDEX('قائمة الوحدات'!$D$2:$D$41,MATCH($B11,'قائمة الوحدات'!$A$2:$A$41,0)),"") -> المكتب التنفيذي | F11: =IFERROR(INDEX('قائمة الوحدات'!$F$2:$F$41,MATCH($B11,'قائمة الوحدات'!$A$2:$A$41,0)),"") -> المكتب التنفيذي | G11: BUILD | H11: =IFERROR(INDEX(المرجع!$A$2:$A$19,MATCH($G11,المرجع!$B$2:$B$19,0)),"") -> البناء المؤسسي | I11: KPI | J11: =IFERROR(INDEX(المرجع!$D$2:$D$19,MATCH($I11,المرجع!$E$2:$E$19,0)),"") -> الأهداف ومؤشرات الأداء | K11: BUILD-KPI-2 | L11: =IFERROR(INDEX('نقاط التحقق'!$G$2:$G$31,MATCH($K11,'نقاط التحقق'!$A$2:$A$31,0))&"","") -> نشر الأهداف التشغيلية على موظفي الوحدة التنظيمية | M11: 80 | N11: 90 | O11: =IF($M11="","غير مقيّمة",IF($M11>المرجع!$K$3,"مستوفاة بشكل متقدم",IF($M11<=المرجع!$K$2,"مستوفاة بشكل أولي","مستوفاة بشكل جزئي"))) -> مستوفاة بشكل متقدم | P11: الملاحظات فيذا
A12: TOP-01-BUILD-GOV-1 | B12: TOP-01 | C12: =IFERROR(INDEX('قائمة الوحدات'!$B$2:$B$41,MATCH($B12,'قائمة الوحدات'!$A$2:$A$41,0)),"") -> TOP | D12: =IFERROR(INDEX('قائمة الوحدات'!$C$2:$C$41,MATCH($B12,'قائمة الوحدات'!$A$2:$A$41,0)),"") -> المرتبطة بسمو الوزير | E12: =IFERROR(INDEX('قائمة الوحدات'!$D$2:$D$41,MATCH($B12,'قائمة الوحدات'!$A$2:$A$41,0)),"") -> المكتب التنفيذي | F12: =IFERROR(INDEX('قائمة الوحدات'!$F$2:$F$41,MATCH($B12,'قائمة الوحدات'!$A$2:$A$41,0)),"") -> المكتب التنفيذي | G12: BUILD | H12: =IFERROR(INDEX(المرجع!$A$2:$A$19,MATCH($G12,المرجع!$B$2:$B$19,0)),"") -> البناء المؤسسي | I12: GOV | J12: =IFERROR(INDEX(المرجع!$D$2:$D$19,MATCH($I12,المرجع!$E$2:$E$19,0)),"") -> الحوكمة | K12: BUILD-GOV-1 | L12: =IFERROR(INDEX('نقاط التحقق'!$G$2:$G$31,MATCH($K12,'نقاط التحقق'!$A$2:$A$31,0))&"","") -> مصفوفة صلاحيات معتمدة ومعممة على أصحاب المصلحة | M12: 90 | N12: 100 | O12: =IF($M12="","غير مقيّمة",IF($M12>المرجع!$K$3,"مستوفاة بشكل متقدم",IF($M12<=المرجع!$K$2,"مستوفاة بشكل أولي","مستوفاة بشكل جزئي"))) -> مستوفاة بشكل متقدم | P12: الملاحظات فيذا
A13: TOP-01-BUILD-GOV-2 | B13: TOP-01 | C13: =IFERROR(INDEX('قائمة الوحدات'!$B$2:$B$41,MATCH($B13,'قائمة الوحدات'!$A$2:$A$41,0)),"") -> TOP | D13: =IFERROR(INDEX('قائمة الوحدات'!$C$2:$C$41,MATCH($B13,'قائمة الوحدات'!$A$2:$A$41,0)),"") -> المرتبطة بسمو الوزير | E13: =IFERROR(INDEX('قائمة الوحدات'!$D$2:$D$41,MATCH($B13,'قائمة الوحدات'!$A$2:$A$41,0)),"") -> المكتب التنفيذي | F13: =IFERROR(INDEX('قائمة الوحدات'!$F$2:$F$41,MATCH($B13,'قائمة الوحدات'!$A$2:$A$41,0)),"") -> المكتب التنفيذي | G13: BUILD | H13: =IFERROR(INDEX(المرجع!$A$2:$A$19,MATCH($G13,المرجع!$B$2:$B$19,0)),"") -> البناء المؤسسي | I13: GOV | J13: =IFERROR(INDEX(المرجع!$D$2:$D$19,MATCH($I13,المرجع!$E$2:$E$19,0)),"") -> الحوكمة | K13: BUILD-GOV-2 | L13: =IFERROR(INDEX('نقاط التحقق'!$G$2:$G$31,MATCH($K13,'نقاط التحقق'!$A$2:$A$31,0))&"","") -> سياسات معتمدة للتي تملكها الوحدة التنظيمية | M13: 60 | N13: 80 | O13: =IF($M13="","غير مقيّمة",IF($M13>المرجع!$K$3,"مستوفاة بشكل متقدم",IF($M13<=المرجع!$K$2,"مستوفاة بشكل أولي","مستوفاة بشكل جزئي"))) -> مستوفاة بشكل جزئي | P13: الملاحظات فيذا
... A151: TOP-05-OPERATE-OUTF-1 | B151: TOP-05 | C151: =IFERROR(INDEX('قائمة الوحدات'!$B$2:$B$41,MATCH($B151,'قائمة الوحدات'!$A$2:$A$41,0)),"") -> TOP | D151: =IFERROR(INDEX('قائمة الوحدات'!$C$2:$C$41,MATCH($B151,'قائمة الوحدات'!$A$2:$A$41,0)),"") -> المرتبطة بسمو الوزير | E151: =IFERROR(INDEX('قائمة الوحدات'!$D$2:$D$41,MATCH($B151,'قائمة الوحدات'!$A$2:$A$41,0)),"") -> إدارة التميز المؤسسي | F151: =IFERROR(INDEX('قائمة الوحدات'!$F$2:$F$41,MATCH($B151,'قائمة الوحدات'!$A$2:$A$41,0)),"") -> إدارة التميز المؤسسي | G151: OPERATE | H151: =IFERROR(INDEX(المرجع!$A$2:$A$19,MATCH($G151,المرجع!$B$2:$B$19,0)),"") -> التشغيل | I151: OUTF | J151: =IFERROR(INDEX(المرجع!$D$2:$D$19,MATCH($I151,المرجع!$E$2:$E$19,0)),"") -> اكتمال المخرجات المستهدفة | K151: OPERATE-OUTF-1 | L151: =IFERROR(INDEX('نقاط التحقق'!$G$2:$G$31,MATCH($K151,'نقاط التحقق'!$A$2:$A$31,0))&"","") -> اكتمال مخرجات النموذج التشغيلي المستهدف للوحدة التنظيمية | M151: 49 | N151: 80 | O151: =IF($M151="","غير مقيّمة",IF($M151>المرجع!$K$3,"مستوفاة بشكل متقدم",IF($M151<=المرجع!$K$2,"مستوفاة بشكل أولي","مستوفاة بشكل جزئي"))) -> مستوفاة بشكل جزئي | P151: الملاحظات فيذا

Sheet الشؤون التنفيذية
A1: معرف الصف | B1: كود الوحدة | C1: كود المجموعة | D1: القطاع | E1: الوحدة التنظيمية الرئيسية | F1: الوحدة التنظيمية الفرعية | G1: كود المرحلة | H1: المرحلة | I1: كود العنصر | J1: العنصر | K1: كود النقطة | L1: نص نقطة التحقق | M1: الجهة المزودة للمعلومة | N1: نسبة إنجاز النقطة % | O1: نسبة إنجاز النقطة المستهدفة لعام 2026 % | P1: حالة النقطة | Q1: ملاحظات النقطة
A2: EXE-01-DESIGN-ROLE-1 | B2: EXE-01 | C2: =IFERROR(INDEX('قائمة الوحدات'!$B$2:$B$41,MATCH($B2,'قائمة الوحدات'!$A$2:$A$41,0)),"") -> EXE | D2: =IFERROR(INDEX('قائمة الوحدات'!$C$2:$C$41,MATCH($B2,'قائمة الوحدات'!$A$2:$A$41,0)),"") -> الشؤون التنفيذية | E2: =IFERROR(INDEX('قائمة الوحدات'!$D$2:$D$41,MATCH($B2,'قائمة الوحدات'!$A$2:$A$41,0)),"") -> وكالة الشؤون الفنية | F2: =IFERROR(INDEX('قائمة الوحدات'!$F$2:$F$41,MATCH($B2,'قائمة الوحدات'!$A$2:$A$41,0)),"") -> الإدارة العامة للتخطيط والدراسات | G2: DESIGN | H2: =IFERROR(INDEX(المرجع!$A$2:$A$19,MATCH($G2,المرجع!$B$2:$B$19,0)),"") -> التصميم | I2: ROLE | J2: =IFERROR(INDEX(المرجع!$D$2:$D$19,MATCH($I2,المرجع!$E$2:$E$19,0)),"") -> الدور | K2: DESIGN-ROLE-1 | L2: =IFERROR(INDEX('نقاط التحقق'!$G$2:$G$31,MATCH($K2,'نقاط التحقق'!$A$2:$A$31,0))&"","") -> دور مفصل للوحدة التنظيمية | M2: =IFERROR(INDEX('نقاط التحقق'!$H$2:$H$31,MATCH($K2,'نقاط التحقق'!$A$2:$A$31,0))&"","") | N2: 87 | O2: 87 | P2: =IF($N2="","غير مقيّمة",IF($N2>المرجع!$K$3,"مستوفاة بشكل متقدم",IF($N2<=المرجع!$K$2,"مستوفاة بشكل أولي","مستوفاة بشكل جزئي"))) -> مستوفاة بشكل متقدم
A3: EXE-01-DESIGN-KPI-1 | B3: EXE-01 | C3: =IFERROR(INDEX('قائمة الوحدات'!$B$2:$B$41,MATCH($B3,'قائمة الوحدات'!$A$2:$A$41,0)),"") -> EXE | D3: =IFERROR(INDEX('قائمة الوحدات'!$C$2:$C$41,MATCH($B3,'قائمة الوحدات'!$A$2:$A$41,0)),"") -> الشؤون التنفيذية | E3: =IFERROR(INDEX('قائمة الوحدات'!$D$2:$D$41,MATCH($B3,'قائمة الوحدات'!$A$2:$A$41,0)),"") -> وكالة الشؤون الفنية | F3: =IFERROR(INDEX('قائمة الوحدات'!$F$2:$F$41,MATCH($B3,'قائمة الوحدات'!$A$2:$A$41,0)),"") -> الإدارة العامة للتخطيط والدراسات | G3: DESIGN | H3: =IFERROR(INDEX(المرجع!$A$2:$A$19,MATCH($G3,المرجع!$B$2:$B$19,0)),"") -> التصميم | I3: KPI | J3: =IFERROR(INDEX(المرجع!$D$2:$D$19,MATCH($I3,المرجع!$E$2:$E$19,0)),"") -> الأهداف ومؤشرات الأداء | K3: DESIGN-KPI-1 | L3: =IFERROR(INDEX('نقاط التحقق'!$G$2:$G$31,MATCH($K3,'نقاط التحقق'!$A$2:$A$31,0))&"","") -> أهداف محددة للوحدة التنظيمية وربطها بمؤشرات أداء لقياسها | M3: =IFERROR(INDEX('نقاط التحقق'!$H$2:$H$31,MATCH($K3,'نقاط التحقق'!$A$2:$A$31,0))&"","") | N3: 80 | O3: 100 | P3: =IF($N3="","غير مقيّمة",IF($N3>المرجع!$K$3,"مستوفاة بشكل متقدم",IF($N3<=المرجع!$K$2,"مستوفاة بشكل أولي","مستوفاة بشكل جزئي"))) -> مستوفاة بشكل متقدم
A4: EXE-01-DESIGN-KPI-2 | B4: EXE-01 | C4: =IFERROR(INDEX('قائمة الوحدات'!$B$2:$B$41,MATCH($B4,'قائمة الوحدات'!$A$2:$A$41,0)),"") -> EXE | D4: =IFERROR(INDEX('قائمة الوحدات'!$C$2:$C$41,MATCH($B4,'قائمة الوحدات'!$A$2:$A$41,0)),"") -> الشؤون التنفيذية | E4: =IFERROR(INDEX('قائمة الوحدات'!$D$2:$D$41,MATCH($B4,'قائمة الوحدات'!$A$2:$A$41,0)),"") -> وكالة الشؤون الفنية | F4: =IFERROR(INDEX('قائمة الوحدات'!$F$2:$F$41,MATCH($B4,'قائمة الوحدات'!$A$2:$A$41,0)),"") -> الإدارة العامة للتخطيط والدراسات | G4: DESIGN | H4: =IFERROR(INDEX(المرجع!$A$2:$A$19,MATCH($G4,المرجع!$B$2:$B$19,0)),"") -> التصميم | I4: KPI | J4: =IFERROR(INDEX(المرجع!$D$2:$D$19,MATCH($I4,المرجع!$E$2:$E$19,0)),"") -> الأهداف ومؤشرات الأداء | K4: DESIGN-KPI-2 | L4: =IFERROR(INDEX('نقاط التحقق'!$G$2:$G$31,MATCH($K4,'نقاط التحقق'!$A$2:$A$31,0))&"","") -> مؤشرات أداء الوحدة التنظيمية | M4: =IFERROR(INDEX('نقاط التحقق'!$H$2:$H$31,MATCH($K4,'نقاط التحقق'!$A$2:$A$31,0))&"","") | N4: 85 | O4: 90 | P4: =IF($N4="","غير مقيّمة",IF($N4>المرجع!$K$3,"مستوفاة بشكل متقدم",IF($N4<=المرجع!$K$2,"مستوفاة بشكل أولي","مستوفاة بشكل جزئي"))) -> مستوفاة بشكل متقدم
A5: EXE-01-DESIGN-GOV-1 | B5: EXE-01 | C5: =IFERROR(INDEX('قائمة الوحدات'!$B$2:$B$41,MATCH($B5,'قائمة الوحدات'!$A$2:$A$41,0)),"") -> EXE | D5: =IFERROR(INDEX('قائمة الوحدات'!$C$2:$C$41,MATCH($B5,'قائمة الوحدات'!$A$2:$A$41,0)),"") -> الشؤون التنفيذية | E5: =IFERROR(INDEX('قائمة الوحدات'!$D$2:$D$41,MATCH($B5,'قائمة الوحدات'!$A$2:$A$41,0)),"") -> وكالة الشؤون الفنية | F5: =IFERROR(INDEX('قائمة الوحدات'!$F$2:$F$41,MATCH($B5,'قائمة الوحدات'!$A$2:$A$41,0)),"") -> الإدارة العامة للتخطيط والدراسات | G5: DESIGN | H5: =IFERROR(INDEX(المرجع!$A$2:$A$19,MATCH($G5,المرجع!$B$2:$B$19,0)),"") -> التصميم | I5: GOV | J5: =IFERROR(INDEX(المرجع!$D$2:$D$19,MATCH($I5,المرجع!$E$2:$E$19,0)),"") -> الحوكمة | K5: DESIGN-GOV-1 | L5: =IFERROR(INDEX('نقاط التحقق'!$G$2:$G$31,MATCH($K5,'نقاط التحقق'!$A$2:$A$31,0))&"","") -> تفصيل القرارات ومصفوفة الصلاحيات واللجان ذات العلاقة لاعتماد مخرجات الوحدة التنظيمية | M5: =IFERROR(INDEX('نقاط التحقق'!$H$2:$H$31,MATCH($K5,'نقاط التحقق'!$A$2:$A$31,0))&"","") | N5: 93 | O5: 93 | P5: =IF($N5="","غير مقيّمة",IF($N5>المرجع!$K$3,"مستوفاة بشكل متقدم",IF($N5<=المرجع!$K$2,"مستوفاة بشكل أولي","مستوفاة بشكل جزئي"))) -> مستوفاة بشكل متقدم
A6: EXE-01-DESIGN-ORG-1 | B6: EXE-01 | C6: =IFERROR(INDEX('قائمة الوحدات'!$B$2:$B$41,MATCH($B6,'قائمة الوحدات'!$A$2:$A$41,0)),"") -> EXE | D6: =IFERROR(INDEX('قائمة الوحدات'!$C$2:$C$41,MATCH($B6,'قائمة الوحدات'!$A$2:$A$41,0)),"") -> الشؤون التنفيذية | E6: =IFERROR(INDEX('قائمة الوحدات'!$D$2:$D$41,MATCH($B6,'قائمة الوحدات'!$A$2:$A$41,0)),"") -> وكالة الشؤون الفنية | F6: =IFERROR(INDEX('قائمة الوحدات'!$F$2:$F$41,MATCH($B6,'قائمة الوحدات'!$A$2:$A$41,0)),"") -> الإدارة العامة للتخطيط والدراسات | G6: DESIGN | H6: =IFERROR(INDEX(المرجع!$A$2:$A$19,MATCH($G6,المرجع!$B$2:$B$19,0)),"") -> التصميم | I6: ORG | J6: =IFERROR(INDEX(المرجع!$D$2:$D$19,MATCH($I6,المرجع!$E$2:$E$19,0)),"") -> التنظيم | K6: DESIGN-ORG-1 | L6: =IFERROR(INDEX('نقاط التحقق'!$G$2:$G$31,MATCH($K6,'نقاط التحقق'!$A$2:$A$31,0))&"","") -> تطوير الأدوار والمسؤوليات للوحدة التنظيمية وتفصيل الهيكل التنظيمي | M6: =IFERROR(INDEX('نقاط التحقق'!$H$2:$H$31,MATCH($K6,'نقاط التحقق'!$A$2:$A$31,0))&"","") | N6: 74 | O6: 100 | P6: =IF($N6="","غير مقيّمة",IF($N6>المرجع!$K$3,"مستوفاة بشكل متقدم",IF($N6<=المرجع!$K$2,"مستوفاة بشكل أولي","مستوفاة بشكل جزئي"))) -> مستوفاة بشكل متقدم
A7: EXE-01-DESIGN-RES-1 | B7: EXE-01 | C7: =IFERROR(INDEX('قائمة الوحدات'!$B$2:$B$41,MATCH($B7,'قائمة الوحدات'!$A$2:$A$41,0)),"") -> EXE | D7: =IFERROR(INDEX('قائمة الوحدات'!$C$2:$C$41,MATCH($B7,'قائمة الوحدات'!$A$2:$A$41,0)),"") -> الشؤون التنفيذية | E7: =IFERROR(INDEX('قائمة الوحدات'!$D$2:$D$41,MATCH($B7,'قائمة الوحدات'!$A$2:$A$41,0)),"") -> وكالة الشؤون الفنية | F7: =IFERROR(INDEX('قائمة الوحدات'!$F$2:$F$41,MATCH($B7,'قائمة الوحدات'!$A$2:$A$41,0)),"") -> الإدارة العامة للتخطيط والدراسات | G7: DESIGN | H7: =IFERROR(INDEX(المرجع!$A$2:$A$19,MATCH($G7,المرجع!$B$2:$B$19,0)),"") -> التصميم | I7: RES | J7: =IFERROR(INDEX(المرجع!$D$2:$D$19,MATCH($I7,المرجع!$E$2:$E$19,0)),"") -> الموارد | K7: DESIGN-RES-1 | L7: =IFERROR(INDEX('نقاط التحقق'!$G$2:$G$31,MATCH($K7,'نقاط التحقق'!$A$2:$A$31,0))&"","") -> تفصيل احتياج الموارد البشرية للوحدة التنظيمية | M7: =IFERROR(INDEX('نقاط التحقق'!$H$2:$H$31,MATCH($K7,'نقاط التحقق'!$A$2:$A$31,0))&"","") | N7: 68 | O7: 85 | P7: =IF($N7="","غير مقيّمة",IF($N7>المرجع!$K$3,"مستوفاة بشكل متقدم",IF($N7<=المرجع!$K$2,"مستوفاة بشكل أولي","مستوفاة بشكل جزئي"))) -> مستوفاة بشكل جزئي
A8: EXE-01-DESIGN-PROC-1 | B8: EXE-01 | C8: =IFERROR(INDEX('قائمة الوحدات'!$B$2:$B$41,MATCH($B8,'قائمة الوحدات'!$A$2:$A$41,0)),"") -> EXE | D8: =IFERROR(INDEX('قائمة الوحدات'!$C$2:$C$41,MATCH($B8,'قائمة الوحدات'!$A$2:$A$41,0)),"") -> الشؤون التنفيذية | E8: =IFERROR(INDEX('قائمة الوحدات'!$D$2:$D$41,MATCH($B8,'قائمة الوحدات'!$A$2:$A$41,0)),"") -> وكالة الشؤون الفنية | F8: =IFERROR(INDEX('قائمة الوحدات'!$F$2:$F$41,MATCH($B8,'قائمة الوحدات'!$A$2:$A$41,0)),"") -> الإدارة العامة للتخطيط والدراسات | G8: DESIGN | H8: =IFERROR(INDEX(المرجع!$A$2:$A$19,MATCH($G8,المرجع!$B$2:$B$19,0)),"") -> التصميم | I8: PROC | J8: =IFERROR(INDEX(المرجع!$D$2:$D$19,MATCH($I8,المرجع!$E$2:$E$19,0)),"") -> الإجراءات | K8: DESIGN-PROC-1 | L8: =IFERROR(INDEX('نقاط التحقق'!$G$2:$G$31,MATCH($K8,'نقاط التحقق'!$A$2:$A$31,0))&"","") -> تفصيل المخرجات إلى إجراءات عالية المستوى | M8: =IFERROR(INDEX('نقاط التحقق'!$H$2:$H$31,MATCH($K8,'نقاط التحقق'!$A$2:$A$31,0))&"","") | N8: 91 | O8: 95 | P8: =IF($N8="","غير مقيّمة",IF($N8>المرجع!$K$3,"مستوفاة بشكل متقدم",IF($N8<=المرجع!$K$2,"مستوفاة بشكل أولي","مستوفاة بشكل جزئي"))) -> مستوفاة بشكل متقدم
A9: EXE-01-BUILD-ROLE-1 | B9: EXE-01 | C9: =IFERROR(INDEX('قائمة الوحدات'!$B$2:$B$41,MATCH($B9,'قائمة الوحدات'!$A$2:$A$41,0)),"") -> EXE | D9: =IFERROR(INDEX('قائمة الوحدات'!$C$2:$C$41,MATCH($B9,'قائمة الوحدات'!$A$2:$A$41,0)),"") -> الشؤون التنفيذية | E9: =IFERROR(INDEX('قائمة الوحدات'!$D$2:$D$41,MATCH($B9,'قائمة الوحدات'!$A$2:$A$41,0)),"") -> وكالة الشؤون الفنية | F9: =IFERROR(INDEX('قائمة الوحدات'!$F$2:$F$41,MATCH($B9,'قائمة الوحدات'!$A$2:$A$41,0)),"") -> الإدارة العامة للتخطيط والدراسات | G9: BUILD | H9: =IFERROR(INDEX(المرجع!$A$2:$A$19,MATCH($G9,المرجع!$B$2:$B$19,0)),"") -> البناء المؤسسي | I9: ROLE | J9: =IFERROR(INDEX(المرجع!$D$2:$D$19,MATCH($I9,المرجع!$E$2:$E$19,0)),"") -> الدور | K9: BUILD-ROLE-1 | L9: =IFERROR(INDEX('نقاط التحقق'!$G$2:$G$31,MATCH($K9,'نقاط التحقق'!$A$2:$A$31,0))&"","") -> دور معتمد للوحدة التنظيمية | M9: =IFERROR(INDEX('نقاط التحقق'!$H$2:$H$31,MATCH($K9,'نقاط التحقق'!$A$2:$A$31,0))&"","") | N9: 49 | O9: 95 | P9: =IF($N9="","غير مقيّمة",IF($N9>المرجع!$K$3,"مستوفاة بشكل متقدم",IF($N9<=المرجع!$K$2,"مستوفاة بشكل أولي","مستوفاة بشكل جزئي"))) -> مستوفاة بشكل جزئي
A10: EXE-01-BUILD-KPI-1 | B10: EXE-01 | C10: =IFERROR(INDEX('قائمة الوحدات'!$B$2:$B$41,MATCH($B10,'قائمة الوحدات'!$A$2:$A$41,0)),"") -> EXE | D10: =IFERROR(INDEX('قائمة الوحدات'!$C$2:$C$41,MATCH($B10,'قائمة الوحدات'!$A$2:$A$41,0)),"") -> الشؤون التنفيذية | E10: =IFERROR(INDEX('قائمة الوحدات'!$D$2:$D$41,MATCH($B10,'قائمة الوحدات'!$A$2:$A$41,0)),"") -> وكالة الشؤون الفنية | F10: =IFERROR(INDEX('قائمة الوحدات'!$F$2:$F$41,MATCH($B10,'قائمة الوحدات'!$A$2:$A$41,0)),"") -> الإدارة العامة للتخطيط والدراسات | G10: BUILD | H10: =IFERROR(INDEX(المرجع!$A$2:$A$19,MATCH($G10,المرجع!$B$2:$B$19,0)),"") -> البناء المؤسسي | I10: KPI | J10: =IFERROR(INDEX(المرجع!$D$2:$D$19,MATCH($I10,المرجع!$E$2:$E$19,0)),"") -> الأهداف ومؤشرات الأداء | K10: BUILD-KPI-1 | L10: =IFERROR(INDEX('نقاط التحقق'!$G$2:$G$31,MATCH($K10,'نقاط التحقق'!$A$2:$A$31,0))&"","") -> أهداف تشغيلية معتمدة من صاحب الصلاحية | M10: =IFERROR(INDEX('نقاط التحقق'!$H$2:$H$31,MATCH($K10,'نقاط التحقق'!$A$2:$A$31,0))&"","") | N10: 80 | O10: 100 | P10: =IF($N10="","غير مقيّمة",IF($N10>المرجع!$K$3,"مستوفاة بشكل متقدم",IF($N10<=المرجع!$K$2,"مستوفاة بشكل أولي","مستوفاة بشكل جزئي"))) -> مستوفاة بشكل متقدم
A11: EXE-01-BUILD-KPI-2 | B11: EXE-01 | C11: =IFERROR(INDEX('قائمة الوحدات'!$B$2:$B$41,MATCH($B11,'قائمة الوحدات'!$A$2:$A$41,0)),"") -> EXE | D11: =IFERROR(INDEX('قائمة الوحدات'!$C$2:$C$41,MATCH($B11,'قائمة الوحدات'!$A$2:$A$41,0)),"") -> الشؤون التنفيذية | E11: =IFERROR(INDEX('قائمة الوحدات'!$D$2:$D$41,MATCH($B11,'قائمة الوحدات'!$A$2:$A$41,0)),"") -> وكالة الشؤون الفنية | F11: =IFERROR(INDEX('قائمة الوحدات'!$F$2:$F$41,MATCH($B11,'قائمة الوحدات'!$A$2:$A$41,0)),"") -> الإدارة العامة للتخطيط والدراسات | G11: BUILD | H11: =IFERROR(INDEX(المرجع!$A$2:$A$19,MATCH($G11,المرجع!$B$2:$B$19,0)),"") -> البناء المؤسسي | I11: KPI | J11: =IFERROR(INDEX(المرجع!$D$2:$D$19,MATCH($I11,المرجع!$E$2:$E$19,0)),"") -> الأهداف ومؤشرات الأداء | K11: BUILD-KPI-2 | L11: =IFERROR(INDEX('نقاط التحقق'!$G$2:$G$31,MATCH($K11,'نقاط التحقق'!$A$2:$A$31,0))&"","") -> نشر الأهداف التشغيلية على موظفي الوحدة التنظيمية | M11: =IFERROR(INDEX('نقاط التحقق'!$H$2:$H$31,MATCH($K11,'نقاط التحقق'!$A$2:$A$31,0))&"","") | N11: 60 | O11: 95 | P11: =IF($N11="","غير مقيّمة",IF($N11>المرجع!$K$3,"مستوفاة بشكل متقدم",IF($N11<=المرجع!$K$2,"مستوفاة بشكل أولي","مستوفاة بشكل جزئي"))) -> مستوفاة بشكل جزئي
A12: EXE-01-BUILD-GOV-1 | B12: EXE-01 | C12: =IFERROR(INDEX('قائمة الوحدات'!$B$2:$B$41,MATCH($B12,'قائمة الوحدات'!$A$2:$A$41,0)),"") -> EXE | D12: =IFERROR(INDEX('قائمة الوحدات'!$C$2:$C$41,MATCH($B12,'قائمة الوحدات'!$A$2:$A$41,0)),"") -> الشؤون التنفيذية | E12: =IFERROR(INDEX('قائمة الوحدات'!$D$2:$D$41,MATCH($B12,'قائمة الوحدات'!$A$2:$A$41,0)),"") -> وكالة الشؤون الفنية | F12: =IFERROR(INDEX('قائمة الوحدات'!$F$2:$F$41,MATCH($B12,'قائمة الوحدات'!$A$2:$A$41,0)),"") -> الإدارة العامة للتخطيط والدراسات | G12: BUILD | H12: =IFERROR(INDEX(المرجع!$A$2:$A$19,MATCH($G12,المرجع!$B$2:$B$19,0)),"") -> البناء المؤسسي | I12: GOV | J12: =IFERROR(INDEX(المرجع!$D$2:$D$19,MATCH($I12,المرجع!$E$2:$E$19,0)),"") -> الحوكمة | K12: BUILD-GOV-1 | L12: =IFERROR(INDEX('نقاط التحقق'!$G$2:$G$31,MATCH($K12,'نقاط التحقق'!$A$2:$A$31,0))&"","") -> مصفوفة صلاحيات معتمدة ومعممة على أصحاب المصلحة | M12: =IFERROR(INDEX('نقاط التحقق'!$H$2:$H$31,MATCH($K12,'نقاط التحقق'!$A$2:$A$31,0))&"","") | N12: 90 | O12: 90 | P12: =IF($N12="","غير مقيّمة",IF($N12>المرجع!$K$3,"مستوفاة بشكل متقدم",IF($N12<=المرجع!$K$2,"مستوفاة بشكل أولي","مستوفاة بشكل جزئي"))) -> مستوفاة بشكل متقدم
A13: EXE-01-BUILD-GOV-2 | B13: EXE-01 | C13: =IFERROR(INDEX('قائمة الوحدات'!$B$2:$B$41,MATCH($B13,'قائمة الوحدات'!$A$2:$A$41,0)),"") -> EXE | D13: =IFERROR(INDEX('قائمة الوحدات'!$C$2:$C$41,MATCH($B13,'قائمة الوحدات'!$A$2:$A$41,0)),"") -> الشؤون التنفيذية | E13: =IFERROR(INDEX('قائمة الوحدات'!$D$2:$D$41,MATCH($B13,'قائمة الوحدات'!$A$2:$A$41,0)),"") -> وكالة الشؤون الفنية | F13: =IFERROR(INDEX('قائمة الوحدات'!$F$2:$F$41,MATCH($B13,'قائمة الوحدات'!$A$2:$A$41,0)),"") -> الإدارة العامة للتخطيط والدراسات | G13: BUILD | H13: =IFERROR(INDEX(المرجع!$A$2:$A$19,MATCH($G13,المرجع!$B$2:$B$19,0)),"") -> البناء المؤسسي | I13: GOV | J13: =IFERROR(INDEX(المرجع!$D$2:$D$19,MATCH($I13,المرجع!$E$2:$E$19,0)),"") -> الحوكمة | K13: BUILD-GOV-2 | L13: =IFERROR(INDEX('نقاط التحقق'!$G$2:$G$31,MATCH($K13,'نقاط التحقق'!$A$2:$A$31,0))&"","") -> سياسات معتمدة للتي تملكها الوحدة التنظيمية | M13: =IFERROR(INDEX('نقاط التحقق'!$H$2:$H$31,MATCH($K13,'نقاط التحقق'!$A$2:$A$31,0))&"","") | N13: 80 | O13: 85 | P13: =IF($N13="","غير مقيّمة",IF($N13>المرجع!$K$3,"مستوفاة بشكل متقدم",IF($N13<=المرجع!$K$2,"مستوفاة بشكل أولي","مستوفاة بشكل جزئي"))) -> مستوفاة بشكل متقدم
... A239: EXE-08-OPERATE-RES-1 | B239: EXE-08 | C239: =IFERROR(INDEX('قائمة الوحدات'!$B$2:$B$41,MATCH($B239,'قائمة الوحدات'!$A$2:$A$41,0)),"") -> EXE | D239: =IFERROR(INDEX('قائمة الوحدات'!$C$2:$C$41,MATCH($B239,'قائمة الوحدات'!$A$2:$A$41,0)),"") -> الشؤون التنفيذية | E239: =IFERROR(INDEX('قائمة الوحدات'!$D$2:$D$41,MATCH($B239,'قائمة الوحدات'!$A$2:$A$41,0)),"") -> وكالة الخدمات المساندة | F239: =IFERROR(INDEX('قائمة الوحدات'!$F$2:$F$41,MATCH($B239,'قائمة الوحدات'!$A$2:$A$41,0)),"") -> الإدارة العامة للموارد البشرية | G239: OPERATE | H239: =IFERROR(INDEX(المرجع!$A$2:$A$19,MATCH($G239,المرجع!$B$2:$B$19,0)),"") -> التشغيل | I239: RES | J239: =IFERROR(INDEX(المرجع!$D$2:$D$19,MATCH($I239,المرجع!$E$2:$E$19,0)),"") -> الموارد | K239: OPERATE-RES-1 | L239: =IFERROR(INDEX('نقاط التحقق'!$G$2:$G$31,MATCH($K239,'نقاط التحقق'!$A$2:$A$31,0))&"","") -> موارد مستكملة للحد الأدنى الذي يغطي كافة محاور سلسلة القيمة | M239: =IFERROR(INDEX('نقاط التحقق'!$H$2:$H$31,MATCH($K239,'نقاط التحقق'!$A$2:$A$31,0))&"","") | N239: 50 | O239: 100 | P239: =IF($N239="","غير مقيّمة",IF($N239>المرجع!$K$3,"مستوفاة بشكل متقدم",IF($N239<=المرجع!$K$2,"مستوفاة بشكل أولي","مستوفاة بشكل جزئي"))) -> مستوفاة بشكل جزئي
A240: EXE-08-OPERATE-PROC-1 | B240: EXE-08 | C240: =IFERROR(INDEX('قائمة الوحدات'!$B$2:$B$41,MATCH($B240,'قائمة الوحدات'!$A$2:$A$41,0)),"") -> EXE | D240: =IFERROR(INDEX('قائمة الوحدات'!$C$2:$C$41,MATCH($B240,'قائمة الوحدات'!$A$2:$A$41,0)),"") -> الشؤون التنفيذية | E240: =IFERROR(INDEX('قائمة الوحدات'!$D$2:$D$41,MATCH($B240,'قائمة الوحدات'!$A$2:$A$41,0)),"") -> وكالة الخدمات المساندة | F240: =IFERROR(INDEX('قائمة الوحدات'!$F$2:$F$41,MATCH($B240,'قائمة الوحدات'!$A$2:$A$41,0)),"") -> الإدارة العامة للموارد البشرية | G240: OPERATE | H240: =IFERROR(INDEX(المرجع!$A$2:$A$19,MATCH($G240,المرجع!$B$2:$B$19,0)),"") -> التشغيل | I240: PROC | J240: =IFERROR(INDEX(المرجع!$D$2:$D$19,MATCH($I240,المرجع!$E$2:$E$19,0)),"") -> الإجراءات | K240: OPERATE-PROC-1 | L240: =IFERROR(INDEX('نقاط التحقق'!$G$2:$G$31,MATCH($K240,'نقاط التحقق'!$A$2:$A$31,0))&"","") -> تحقيق تقييم "مطبق بشكل كامل" من منهجية تقييم فعالية الإجراءات | M240: =IFERROR(INDEX('نقاط التحقق'!$H$2:$H$31,MATCH($K240,'نقاط التحقق'!$A$2:$A$31,0))&"","") | N240: 60 | O240: 100 | P240: =IF($N240="","غير مقيّمة",IF($N240>المرجع!$K$3,"مستوفاة بشكل متقدم",IF($N240<=المرجع!$K$2,"مستوفاة بشكل أولي","مستوفاة بشكل جزئي"))) -> مستوفاة بشكل جزئي | Q240: الملاحظات فييذا
A241: EXE-08-OPERATE-OUTF-1 | B241: EXE-08 | C241: =IFERROR(INDEX('قائمة الوحدات'!$B$2:$B$41,MATCH($B241,'قائمة الوحدات'!$A$2:$A$41,0)),"") -> EXE | D241: =IFERROR(INDEX('قائمة الوحدات'!$C$2:$C$41,MATCH($B241,'قائمة الوحدات'!$A$2:$A$41,0)),"") -> الشؤون التنفيذية | E241: =IFERROR(INDEX('قائمة الوحدات'!$D$2:$D$41,MATCH($B241,'قائمة الوحدات'!$A$2:$A$41,0)),"") -> وكالة الخدمات المساندة | F241: =IFERROR(INDEX('قائمة الوحدات'!$F$2:$F$41,MATCH($B241,'قائمة الوحدات'!$A$2:$A$41,0)),"") -> الإدارة العامة للموارد البشرية | G241: OPERATE | H241: =IFERROR(INDEX(المرجع!$A$2:$A$19,MATCH($G241,المرجع!$B$2:$B$19,0)),"") -> التشغيل | I241: OUTF | J241: =IFERROR(INDEX(المرجع!$D$2:$D$19,MATCH($I241,المرجع!$E$2:$E$19,0)),"") -> اكتمال المخرجات المستهدفة | K241: OPERATE-OUTF-1 | L241: =IFERROR(INDEX('نقاط التحقق'!$G$2:$G$31,MATCH($K241,'نقاط التحقق'!$A$2:$A$31,0))&"","") -> اكتمال مخرجات النموذج التشغيلي المستهدف للوحدة التنظيمية | M241: =IFERROR(INDEX('نقاط التحقق'!$H$2:$H$31,MATCH($K241,'نقاط التحقق'!$A$2:$A$31,0))&"","") | N241: 31 | O241: 85 | P241: =IF($N241="","غير مقيّمة",IF($N241>المرجع!$K$3,"مستوفاة بشكل متقدم",IF($N241<=المرجع!$K$2,"مستوفاة بشكل أولي","مستوفاة بشكل جزئي"))) -> مستوفاة بشكل جزئي | Q241: الملاحظات فييذا
A242: EXE-09-DESIGN-ROLE-1 | B242: EXE-09 | C242: =IFERROR(INDEX('قائمة الوحدات'!$B$2:$B$41,MATCH($B242,'قائمة الوحدات'!$A$2:$A$41,0)),"") -> EXE | D242: =IFERROR(INDEX('قائمة الوحدات'!$C$2:$C$41,MATCH($B242,'قائمة الوحدات'!$A$2:$A$41,0)),"") -> الشؤون التنفيذية | E242: =IFERROR(INDEX('قائمة الوحدات'!$D$2:$D$41,MATCH($B242,'قائمة الوحدات'!$A$2:$A$41,0)),"") -> وكالة الخدمات المساندة | F242: =IFERROR(INDEX('قائمة الوحدات'!$F$2:$F$41,MATCH($B242,'قائمة الوحدات'!$A$2:$A$41,0)),"") -> الإدارة العامة للشؤون المالية | G242: DESIGN | H242: =IFERROR(INDEX(المرجع!$A$2:$A$19,MATCH($G242,المرجع!$B$2:$B$19,0)),"") -> التصميم | I242: ROLE | J242: =IFERROR(INDEX(المرجع!$D$2:$D$19,MATCH($I242,المرجع!$E$2:$E$19,0)),"") -> الدور | K242: DESIGN-ROLE-1 | L242: =IFERROR(INDEX('نقاط التحقق'!$G$2:$G$31,MATCH($K242,'نقاط التحقق'!$A$2:$A$31,0))&"","") -> دور مفصل للوحدة التنظيمية | M242: =IFERROR(INDEX('نقاط التحقق'!$H$2:$H$31,MATCH($K242,'نقاط التحقق'!$A$2:$A$31,0))&"","") | N242: 70 | O242: 100 | P242: =IF($N242="","غير مقيّمة",IF($N242>المرجع!$K$3,"مستوفاة بشكل متقدم",IF($N242<=المرجع!$K$2,"مستوفاة بشكل أولي","مستوفاة بشكل جزئي"))) -> مستوفاة بشكل جزئي | Q242: الملاحظات فييذا
A243: EXE-09-DESIGN-KPI-1 | B243: EXE-09 | C243: =IFERROR(INDEX('قائمة الوحدات'!$B$2:$B$41,MATCH($B243,'قائمة الوحدات'!$A$2:$A$41,0)),"") -> EXE | D243: =IFERROR(INDEX('قائمة الوحدات'!$C$2:$C$41,MATCH($B243,'قائمة الوحدات'!$A$2:$A$41,0)),"") -> الشؤون التنفيذية | E243: =IFERROR(INDEX('قائمة الوحدات'!$D$2:$D$41,MATCH($B243,'قائمة الوحدات'!$A$2:$A$41,0)),"") -> وكالة الخدمات المساندة | F243: =IFERROR(INDEX('قائمة الوحدات'!$F$2:$F$41,MATCH($B243,'قائمة الوحدات'!$A$2:$A$41,0)),"") -> الإدارة العامة للشؤون المالية | G243: DESIGN | H243: =IFERROR(INDEX(المرجع!$A$2:$A$19,MATCH($G243,المرجع!$B$2:$B$19,0)),"") -> التصميم | I243: KPI | J243: =IFERROR(INDEX(المرجع!$D$2:$D$19,MATCH($I243,المرجع!$E$2:$E$19,0)),"") -> الأهداف ومؤشرات الأداء | K243: DESIGN-KPI-1 | L243: =IFERROR(INDEX('نقاط التحقق'!$G$2:$G$31,MATCH($K243,'نقاط التحقق'!$A$2:$A$31,0))&"","") -> أهداف محددة للوحدة التنظيمية وربطها بمؤشرات أداء لقياسها | M243: =IFERROR(INDEX('نقاط التحقق'!$H$2:$H$31,MATCH($K243,'نقاط التحقق'!$A$2:$A$31,0))&"","") | N243: 95 | O243: 100 | P243: =IF($N243="","غير مقيّمة",IF($N243>المرجع!$K$3,"مستوفاة بشكل متقدم",IF($N243<=المرجع!$K$2,"مستوفاة بشكل أولي","مستوفاة بشكل جزئي"))) -> مستوفاة بشكل متقدم | Q243: الملاحظات فييذا
A244: EXE-09-DESIGN-KPI-2 | B244: EXE-09 | C244: =IFERROR(INDEX('قائمة الوحدات'!$B$2:$B$41,MATCH($B244,'قائمة الوحدات'!$A$2:$A$41,0)),"") -> EXE | D244: =IFERROR(INDEX('قائمة الوحدات'!$C$2:$C$41,MATCH($B244,'قائمة الوحدات'!$A$2:$A$41,0)),"") -> الشؤون التنفيذية | E244: =IFERROR(INDEX('قائمة الوحدات'!$D$2:$D$41,MATCH($B244,'قائمة الوحدات'!$A$2:$A$41,0)),"") -> وكالة الخدمات المساندة | F244: =IFERROR(INDEX('قائمة الوحدات'!$F$2:$F$41,MATCH($B244,'قائمة الوحدات'!$A$2:$A$41,0)),"") -> الإدارة العامة للشؤون المالية | G244: DESIGN | H244: =IFERROR(INDEX(المرجع!$A$2:$A$19,MATCH($G244,المرجع!$B$2:$B$19,0)),"") -> التصميم | I244: KPI | J244: =IFERROR(INDEX(المرجع!$D$2:$D$19,MATCH($I244,المرجع!$E$2:$E$19,0)),"") -> الأهداف ومؤشرات الأداء | K244: DESIGN-KPI-2 | L244: =IFERROR(INDEX('نقاط التحقق'!$G$2:$G$31,MATCH($K244,'نقاط التحقق'!$A$2:$A$31,0))&"","") -> مؤشرات أداء الوحدة التنظيمية | M244: =IFERROR(INDEX('نقاط التحقق'!$H$2:$H$31,MATCH($K244,'نقاط التحقق'!$A$2:$A$31,0))&"","") | N244: 70 | O244: 100 | P244: =IF($N244="","غير مقيّمة",IF($N244>المرجع!$K$3,"مستوفاة بشكل متقدم",IF($N244<=المرجع!$K$2,"مستوفاة بشكل أولي","مستوفاة بشكل جزئي"))) -> مستوفاة بشكل جزئي | Q244: الملاحظات فييذا
A245: EXE-09-DESIGN-GOV-1 | B245: EXE-09 | C245: =IFERROR(INDEX('قائمة الوحدات'!$B$2:$B$41,MATCH($B245,'قائمة الوحدات'!$A$2:$A$41,0)),"") -> EXE | D245: =IFERROR(INDEX('قائمة الوحدات'!$C$2:$C$41,MATCH($B245,'قائمة الوحدات'!$A$2:$A$41,0)),"") -> الشؤون التنفيذية | E245: =IFERROR(INDEX('قائمة الوحدات'!$D$2:$D$41,MATCH($B245,'قائمة الوحدات'!$A$2:$A$41,0)),"") -> وكالة الخدمات المساندة | F245: =IFERROR(INDEX('قائمة الوحدات'!$F$2:$F$41,MATCH($B245,'قائمة الوحدات'!$A$2:$A$41,0)),"") -> الإدارة العامة للشؤون المالية | G245: DESIGN | H245: =IFERROR(INDEX(المرجع!$A$2:$A$19,MATCH($G245,المرجع!$B$2:$B$19,0)),"") -> التصميم | I245: GOV | J245: =IFERROR(INDEX(المرجع!$D$2:$D$19,MATCH($I245,المرجع!$E$2:$E$19,0)),"") -> الحوكمة | K245: DESIGN-GOV-1 | L245: =IFERROR(INDEX('نقاط التحقق'!$G$2:$G$31,MATCH($K245,'نقاط التحقق'!$A$2:$A$31,0))&"","") -> تفصيل القرارات ومصفوفة الصلاحيات واللجان ذات العلاقة لاعتماد مخرجات الوحدة التنظيمية | M245: =IFERROR(INDEX('نقاط التحقق'!$H$2:$H$31,MATCH($K245,'نقاط التحقق'!$A$2:$A$31,0))&"","") | N245: 71 | O245: 95 | P245: =IF($N245="","غير مقيّمة",IF($N245>المرجع!$K$3,"مستوفاة بشكل متقدم",IF($N245<=المرجع!$K$2,"مستوفاة بشكل أولي","مستوفاة بشكل جزئي"))) -> مستوفاة بشكل متقدم | Q245: الملاحظات فييذا
A246: EXE-09-DESIGN-ORG-1 | B246: EXE-09 | C246: =IFERROR(INDEX('قائمة الوحدات'!$B$2:$B$41,MATCH($B246,'قائمة الوحدات'!$A$2:$A$41,0)),"") -> EXE | D246: =IFERROR(INDEX('قائمة الوحدات'!$C$2:$C$41,MATCH($B246,'قائمة الوحدات'!$A$2:$A$41,0)),"") -> الشؤون التنفيذية | E246: =IFERROR(INDEX('قائمة الوحدات'!$D$2:$D$41,MATCH($B246,'قائمة الوحدات'!$A$2:$A$41,0)),"") -> وكالة الخدمات المساندة | F246: =IFERROR(INDEX('قائمة الوحدات'!$F$2:$F$41,MATCH($B246,'قائمة الوحدات'!$A$2:$A$41,0)),"") -> الإدارة العامة للشؤون المالية | G246: DESIGN | H246: =IFERROR(INDEX(المرجع!$A$2:$A$19,MATCH($G246,المرجع!$B$2:$B$19,0)),"") -> التصميم | I246: ORG | J246: =IFERROR(INDEX(المرجع!$D$2:$D$19,MATCH($I246,المرجع!$E$2:$E$19,0)),"") -> التنظيم | K246: DESIGN-ORG-1 | L246: =IFERROR(INDEX('نقاط التحقق'!$G$2:$G$31,MATCH($K246,'نقاط التحقق'!$A$2:$A$31,0))&"","") -> تطوير الأدوار والمسؤوليات للوحدة التنظيمية وتفصيل الهيكل التنظيمي | M246: =IFERROR(INDEX('نقاط التحقق'!$H$2:$H$31,MATCH($K246,'نقاط التحقق'!$A$2:$A$31,0))&"","") | N246: 80 | O246: 100 | P246: =IF($N246="","غير مقيّمة",IF($N246>المرجع!$K$3,"مستوفاة بشكل متقدم",IF($N246<=المرجع!$K$2,"مستوفاة بشكل أولي","مستوفاة بشكل جزئي"))) -> مستوفاة بشكل متقدم | Q246: الملاحظات فييذا
A247: EXE-09-DESIGN-RES-1 | B247: EXE-09 | C247: =IFERROR(INDEX('قائمة الوحدات'!$B$2:$B$41,MATCH($B247,'قائمة الوحدات'!$A$2:$A$41,0)),"") -> EXE | D247: =IFERROR(INDEX('قائمة الوحدات'!$C$2:$C$41,MATCH($B247,'قائمة الوحدات'!$A$2:$A$41,0)),"") -> الشؤون التنفيذية | E247: =IFERROR(INDEX('قائمة الوحدات'!$D$2:$D$41,MATCH($B247,'قائمة الوحدات'!$A$2:$A$41,0)),"") -> وكالة الخدمات المساندة | F247: =IFERROR(INDEX('قائمة الوحدات'!$F$2:$F$41,MATCH($B247,'قائمة الوحدات'!$A$2:$A$41,0)),"") -> الإدارة العامة للشؤون المالية | G247: DESIGN | H247: =IFERROR(INDEX(المرجع!$A$2:$A$19,MATCH($G247,المرجع!$B$2:$B$19,0)),"") -> التصميم | I247: RES | J247: =IFERROR(INDEX(المرجع!$D$2:$D$19,MATCH($I247,المرجع!$E$2:$E$19,0)),"") -> الموارد | K247: DESIGN-RES-1 | L247: =IFERROR(INDEX('نقاط التحقق'!$G$2:$G$31,MATCH($K247,'نقاط التحقق'!$A$2:$A$31,0))&"","") -> تفصيل احتياج الموارد البشرية للوحدة التنظيمية | M247: =IFERROR(INDEX('نقاط التحقق'!$H$2:$H$31,MATCH($K247,'نقاط التحقق'!$A$2:$A$31,0))&"","") | N247: 89 | O247: 90 | P247: =IF($N247="","غير مقيّمة",IF($N247>المرجع!$K$3,"مستوفاة بشكل متقدم",IF($N247<=المرجع!$K$2,"مستوفاة بشكل أولي","مستوفاة بشكل جزئي"))) -> مستوفاة بشكل متقدم | Q247: الملاحظات فييذا
A248: EXE-09-DESIGN-PROC-1 | B248: EXE-09 | C248: =IFERROR(INDEX('قائمة الوحدات'!$B$2:$B$41,MATCH($B248,'قائمة الوحدات'!$A$2:$A$41,0)),"") -> EXE | D248: =IFERROR(INDEX('قائمة الوحدات'!$C$2:$C$41,MATCH($B248,'قائمة الوحدات'!$A$2:$A$41,0)),"") -> الشؤون التنفيذية | E248: =IFERROR(INDEX('قائمة الوحدات'!$D$2:$D$41,MATCH($B248,'قائمة الوحدات'!$A$2:$A$41,0)),"") -> وكالة الخدمات المساندة | F248: =IFERROR(INDEX('قائمة الوحدات'!$F$2:$F$41,MATCH($B248,'قائمة الوحدات'!$A$2:$A$41,0)),"") -> الإدارة العامة للشؤون المالية | G248: DESIGN | H248: =IFERROR(INDEX(المرجع!$A$2:$A$19,MATCH($G248,المرجع!$B$2:$B$19,0)),"") -> التصميم | I248: PROC | J248: =IFERROR(INDEX(المرجع!$D$2:$D$19,MATCH($I248,المرجع!$E$2:$E$19,0)),"") -> الإجراءات | K248: DESIGN-PROC-1 | L248: =IFERROR(INDEX('نقاط التحقق'!$G$2:$G$31,MATCH($K248,'نقاط التحقق'!$A$2:$A$31,0))&"","") -> تفصيل المخرجات إلى إجراءات عالية المستوى | M248: =IFERROR(INDEX('نقاط التحقق'!$H$2:$H$31,MATCH($K248,'نقاط التحقق'!$A$2:$A$31,0))&"","") | N248: 81 | O248: 85 | P248: =IF($N248="","غير مقيّمة",IF($N248>المرجع!$K$3,"مستوفاة بشكل متقدم",IF($N248<=المرجع!$K$2,"مستوفاة بشكل أولي","مستوفاة بشكل جزئي"))) -> مستوفاة بشكل متقدم | Q248: الملاحظات فييذا
A249: EXE-09-BUILD-ROLE-1 | B249: EXE-09 | C249: =IFERROR(INDEX('قائمة الوحدات'!$B$2:$B$41,MATCH($B249,'قائمة الوحدات'!$A$2:$A$41,0)),"") -> EXE | D249: =IFERROR(INDEX('قائمة الوحدات'!$C$2:$C$41,MATCH($B249,'قائمة الوحدات'!$A$2:$A$41,0)),"") -> الشؤون التنفيذية | E249: =IFERROR(INDEX('قائمة الوحدات'!$D$2:$D$41,MATCH($B249,'قائمة الوحدات'!$A$2:$A$41,0)),"") -> وكالة الخدمات المساندة | F249: =IFERROR(INDEX('قائمة الوحدات'!$F$2:$F$41,MATCH($B249,'قائمة الوحدات'!$A$2:$A$41,0)),"") -> الإدارة العامة للشؤون المالية | G249: BUILD | H249: =IFERROR(INDEX(المرجع!$A$2:$A$19,MATCH($G249,المرجع!$B$2:$B$19,0)),"") -> البناء المؤسسي | I249: ROLE | J249: =IFERROR(INDEX(المرجع!$D$2:$D$19,MATCH($I249,المرجع!$E$2:$E$19,0)),"") -> الدور | K249: BUILD-ROLE-1 | L249: =IFERROR(INDEX('نقاط التحقق'!$G$2:$G$31,MATCH($K249,'نقاط التحقق'!$A$2:$A$31,0))&"","") -> دور معتمد للوحدة التنظيمية | M249: =IFERROR(INDEX('نقاط التحقق'!$H$2:$H$31,MATCH($K249,'نقاط التحقق'!$A$2:$A$31,0))&"","") | N249: 53 | O249: 100 | P249: =IF($N249="","غير مقيّمة",IF($N249>المرجع!$K$3,"مستوفاة بشكل متقدم",IF($N249<=المرجع!$K$2,"مستوفاة بشكل أولي","مستوفاة بشكل جزئي"))) -> مستوفاة بشكل جزئي | Q249: الملاحظات فييذا
A250: EXE-09-BUILD-KPI-1 | B250: EXE-09 | C250: =IFERROR(INDEX('قائمة الوحدات'!$B$2:$B$41,MATCH($B250,'قائمة الوحدات'!$A$2:$A$41,0)),"") -> EXE | D250: =IFERROR(INDEX('قائمة الوحدات'!$C$2:$C$41,MATCH($B250,'قائمة الوحدات'!$A$2:$A$41,0)),"") -> الشؤون التنفيذية | E250: =IFERROR(INDEX('قائمة الوحدات'!$D$2:$D$41,MATCH($B250,'قائمة الوحدات'!$A$2:$A$41,0)),"") -> وكالة الخدمات المساندة | F250: =IFERROR(INDEX('قائمة الوحدات'!$F$2:$F$41,MATCH($B250,'قائمة الوحدات'!$A$2:$A$41,0)),"") -> الإدارة العامة للشؤون المالية | G250: BUILD | H250: =IFERROR(INDEX(المرجع!$A$2:$A$19,MATCH($G250,المرجع!$B$2:$B$19,0)),"") -> البناء المؤسسي | I250: KPI | J250: =IFERROR(INDEX(المرجع!$D$2:$D$19,MATCH($I250,المرجع!$E$2:$E$19,0)),"") -> الأهداف ومؤشرات الأداء | K250: BUILD-KPI-1 | L250: =IFERROR(INDEX('نقاط التحقق'!$G$2:$G$31,MATCH($K250,'نقاط التحقق'!$A$2:$A$31,0))&"","") -> أهداف تشغيلية معتمدة من صاحب الصلاحية | M250: =IFERROR(INDEX('نقاط التحقق'!$H$2:$H$31,MATCH($K250,'نقاط التحقق'!$A$2:$A$31,0))&"","") | N250: 90 | O250: 100 | P250: =IF($N250="","غير مقيّمة",IF($N250>المرجع!$K$3,"مستوفاة بشكل متقدم",IF($N250<=المرجع!$K$2,"مستوفاة بشكل أولي","مستوفاة بشكل جزئي"))) -> مستوفاة بشكل متقدم | Q250: الملاحظات فييذا
A251: EXE-09-BUILD-KPI-2 | B251: EXE-09 | C251: =IFERROR(INDEX('قائمة الوحدات'!$B$2:$B$41,MATCH($B251,'قائمة الوحدات'!$A$2:$A$41,0)),"") -> EXE | D251: =IFERROR(INDEX('قائمة الوحدات'!$C$2:$C$41,MATCH($B251,'قائمة الوحدات'!$A$2:$A$41,0)),"") -> الشؤون التنفيذية | E251: =IFERROR(INDEX('قائمة الوحدات'!$D$2:$D$41,MATCH($B251,'قائمة الوحدات'!$A$2:$A$41,0)),"") -> وكالة الخدمات المساندة | F251: =IFERROR(INDEX('قائمة الوحدات'!$F$2:$F$41,MATCH($B251,'قائمة الوحدات'!$A$2:$A$41,0)),"") -> الإدارة العامة للشؤون المالية | G251: BUILD | H251: =IFERROR(INDEX(المرجع!$A$2:$A$19,MATCH($G251,المرجع!$B$2:$B$19,0)),"") -> البناء المؤسسي | I251: KPI | J251: =IFERROR(INDEX(المرجع!$D$2:$D$19,MATCH($I251,المرجع!$E$2:$E$19,0)),"") -> الأهداف ومؤشرات الأداء | K251: BUILD-KPI-2 | L251: =IFERROR(INDEX('نقاط التحقق'!$G$2:$G$31,MATCH($K251,'نقاط التحقق'!$A$2:$A$31,0))&"","") -> نشر الأهداف التشغيلية على موظفي الوحدة التنظيمية | M251: =IFERROR(INDEX('نقاط التحقق'!$H$2:$H$31,MATCH($K251,'نقاط التحقق'!$A$2:$A$31,0))&"","") | N251: 75 | O251: 85 | P251: =IF($N251="","غير مقيّمة",IF($N251>المرجع!$K$3,"مستوفاة بشكل متقدم",IF($N251<=المرجع!$K$2,"مستوفاة بشكل أولي","مستوفاة بشكل جزئي"))) -> مستوفاة بشكل متقدم | Q251: الملاحظات فييذا
... A421: EXE-14-OPERATE-OUTF-1 | B421: EXE-14 | C421: =IFERROR(INDEX('قائمة الوحدات'!$B$2:$B$41,MATCH($B421,'قائمة الوحدات'!$A$2:$A$41,0)),"") -> EXE | D421: =IFERROR(INDEX('قائمة الوحدات'!$C$2:$C$41,MATCH($B421,'قائمة الوحدات'!$A$2:$A$41,0)),"") -> الشؤون التنفيذية | E421: =IFERROR(INDEX('قائمة الوحدات'!$D$2:$D$41,MATCH($B421,'قائمة الوحدات'!$A$2:$A$41,0)),"") -> وكالة الرقابة والالتزام | F421: =IFERROR(INDEX('قائمة الوحدات'!$F$2:$F$41,MATCH($B421,'قائمة الوحدات'!$A$2:$A$41,0)),"") -> وكالة الرقابة والالتزام | G421: OPERATE | H421: =IFERROR(INDEX(المرجع!$A$2:$A$19,MATCH($G421,المرجع!$B$2:$B$19,0)),"") -> التشغيل | I421: OUTF | J421: =IFERROR(INDEX(المرجع!$D$2:$D$19,MATCH($I421,المرجع!$E$2:$E$19,0)),"") -> اكتمال المخرجات المستهدفة | K421: OPERATE-OUTF-1 | L421: =IFERROR(INDEX('نقاط التحقق'!$G$2:$G$31,MATCH($K421,'نقاط التحقق'!$A$2:$A$31,0))&"","") -> اكتمال مخرجات النموذج التشغيلي المستهدف للوحدة التنظيمية | M421: =IFERROR(INDEX('نقاط التحقق'!$H$2:$H$31,MATCH($K421,'نقاط التحقق'!$A$2:$A$31,0))&"","") | N421: 56 | O421: 100 | P421: =IF($N421="","غير مقيّمة",IF($N421>المرجع!$K$3,"مستوفاة بشكل متقدم",IF($N421<=المرجع!$K$2,"مستوفاة بشكل أولي","مستوفاة بشكل جزئي"))) -> مستوفاة بشكل جزئي | Q421: الملاحظات فييذا

Sheet الجهاز العسكري
A1: معرف الصف | B1: كود الوحدة | C1: كود المجموعة | D1: القطاع | E1: الوحدة التنظيمية الرئيسية | F1: الوحدة التنظيمية الفرعية | G1: كود المرحلة | H1: المرحلة | I1: كود العنصر | J1: العنصر | K1: كود النقطة | L1: نص نقطة التحقق | M1: نسبة إنجاز النقطة % | N1: نسبة إنجاز النقطة المستهدفة لعام 2026 % | O1: حالة النقطة | P1: ملاحظات النقطة
A2: MIL-01-DESIGN-ROLE-1 | B2: MIL-01 | C2: =IFERROR(INDEX('قائمة الوحدات'!$B$2:$B$41,MATCH($B2,'قائمة الوحدات'!$A$2:$A$41,0)),"") -> MIL | D2: =IFERROR(INDEX('قائمة الوحدات'!$C$2:$C$41,MATCH($B2,'قائمة الوحدات'!$A$2:$A$41,0)),"") -> الجهاز العسكري | E2: =IFERROR(INDEX('قائمة الوحدات'!$D$2:$D$41,MATCH($B2,'قائمة الوحدات'!$A$2:$A$41,0)),"") -> هيئة الأركان | F2: =IFERROR(INDEX('قائمة الوحدات'!$F$2:$F$41,MATCH($B2,'قائمة الوحدات'!$A$2:$A$41,0)),"") -> هيئة الأركان | G2: DESIGN | H2: =IFERROR(INDEX(المرجع!$A$2:$A$19,MATCH($G2,المرجع!$B$2:$B$19,0)),"") -> التصميم | I2: ROLE | J2: =IFERROR(INDEX(المرجع!$D$2:$D$19,MATCH($I2,المرجع!$E$2:$E$19,0)),"") -> الدور | K2: DESIGN-ROLE-1 | L2: =IFERROR(INDEX('نقاط التحقق'!$G$2:$G$31,MATCH($K2,'نقاط التحقق'!$A$2:$A$31,0))&"","") -> دور مفصل للوحدة التنظيمية | M2: 72 | N2: 80 | O2: =IF($M2="","غير مقيّمة",IF($M2>المرجع!$K$3,"مستوفاة بشكل متقدم",IF($M2<=المرجع!$K$2,"مستوفاة بشكل أولي","مستوفاة بشكل جزئي"))) -> مستوفاة بشكل متقدم | P2: الملاحظات فييذا
A3: MIL-01-DESIGN-KPI-1 | B3: MIL-01 | C3: =IFERROR(INDEX('قائمة الوحدات'!$B$2:$B$41,MATCH($B3,'قائمة الوحدات'!$A$2:$A$41,0)),"") -> MIL | D3: =IFERROR(INDEX('قائمة الوحدات'!$C$2:$C$41,MATCH($B3,'قائمة الوحدات'!$A$2:$A$41,0)),"") -> الجهاز العسكري | E3: =IFERROR(INDEX('قائمة الوحدات'!$D$2:$D$41,MATCH($B3,'قائمة الوحدات'!$A$2:$A$41,0)),"") -> هيئة الأركان | F3: =IFERROR(INDEX('قائمة الوحدات'!$F$2:$F$41,MATCH($B3,'قائمة الوحدات'!$A$2:$A$41,0)),"") -> هيئة الأركان | G3: DESIGN | H3: =IFERROR(INDEX(المرجع!$A$2:$A$19,MATCH($G3,المرجع!$B$2:$B$19,0)),"") -> التصميم | I3: KPI | J3: =IFERROR(INDEX(المرجع!$D$2:$D$19,MATCH($I3,المرجع!$E$2:$E$19,0)),"") -> الأهداف ومؤشرات الأداء | K3: DESIGN-KPI-1 | L3: =IFERROR(INDEX('نقاط التحقق'!$G$2:$G$31,MATCH($K3,'نقاط التحقق'!$A$2:$A$31,0))&"","") -> أهداف محددة للوحدة التنظيمية وربطها بمؤشرات أداء لقياسها | M3: 75 | N3: 80 | O3: =IF($M3="","غير مقيّمة",IF($M3>المرجع!$K$3,"مستوفاة بشكل متقدم",IF($M3<=المرجع!$K$2,"مستوفاة بشكل أولي","مستوفاة بشكل جزئي"))) -> مستوفاة بشكل متقدم | P3: الملاحظات فييذا
A4: MIL-01-DESIGN-KPI-2 | B4: MIL-01 | C4: =IFERROR(INDEX('قائمة الوحدات'!$B$2:$B$41,MATCH($B4,'قائمة الوحدات'!$A$2:$A$41,0)),"") -> MIL | D4: =IFERROR(INDEX('قائمة الوحدات'!$C$2:$C$41,MATCH($B4,'قائمة الوحدات'!$A$2:$A$41,0)),"") -> الجهاز العسكري | E4: =IFERROR(INDEX('قائمة الوحدات'!$D$2:$D$41,MATCH($B4,'قائمة الوحدات'!$A$2:$A$41,0)),"") -> هيئة الأركان | F4: =IFERROR(INDEX('قائمة الوحدات'!$F$2:$F$41,MATCH($B4,'قائمة الوحدات'!$A$2:$A$41,0)),"") -> هيئة الأركان | G4: DESIGN | H4: =IFERROR(INDEX(المرجع!$A$2:$A$19,MATCH($G4,المرجع!$B$2:$B$19,0)),"") -> التصميم | I4: KPI | J4: =IFERROR(INDEX(المرجع!$D$2:$D$19,MATCH($I4,المرجع!$E$2:$E$19,0)),"") -> الأهداف ومؤشرات الأداء | K4: DESIGN-KPI-2 | L4: =IFERROR(INDEX('نقاط التحقق'!$G$2:$G$31,MATCH($K4,'نقاط التحقق'!$A$2:$A$31,0))&"","") -> مؤشرات أداء الوحدة التنظيمية | M4: 60 | N4: 100 | O4: =IF($M4="","غير مقيّمة",IF($M4>المرجع!$K$3,"مستوفاة بشكل متقدم",IF($M4<=المرجع!$K$2,"مستوفاة بشكل أولي","مستوفاة بشكل جزئي"))) -> مستوفاة بشكل جزئي | P4: الملاحظات فييذا
A5: MIL-01-DESIGN-GOV-1 | B5: MIL-01 | C5: =IFERROR(INDEX('قائمة الوحدات'!$B$2:$B$41,MATCH($B5,'قائمة الوحدات'!$A$2:$A$41,0)),"") -> MIL | D5: =IFERROR(INDEX('قائمة الوحدات'!$C$2:$C$41,MATCH($B5,'قائمة الوحدات'!$A$2:$A$41,0)),"") -> الجهاز العسكري | E5: =IFERROR(INDEX('قائمة الوحدات'!$D$2:$D$41,MATCH($B5,'قائمة الوحدات'!$A$2:$A$41,0)),"") -> هيئة الأركان | F5: =IFERROR(INDEX('قائمة الوحدات'!$F$2:$F$41,MATCH($B5,'قائمة الوحدات'!$A$2:$A$41,0)),"") -> هيئة الأركان | G5: DESIGN | H5: =IFERROR(INDEX(المرجع!$A$2:$A$19,MATCH($G5,المرجع!$B$2:$B$19,0)),"") -> التصميم | I5: GOV | J5: =IFERROR(INDEX(المرجع!$D$2:$D$19,MATCH($I5,المرجع!$E$2:$E$19,0)),"") -> الحوكمة | K5: DESIGN-GOV-1 | L5: =IFERROR(INDEX('نقاط التحقق'!$G$2:$G$31,MATCH($K5,'نقاط التحقق'!$A$2:$A$31,0))&"","") -> تفصيل القرارات ومصفوفة الصلاحيات واللجان ذات العلاقة لاعتماد مخرجات الوحدة التنظيمية | M5: 73 | N5: 85 | O5: =IF($M5="","غير مقيّمة",IF($M5>المرجع!$K$3,"مستوفاة بشكل متقدم",IF($M5<=المرجع!$K$2,"مستوفاة بشكل أولي","مستوفاة بشكل جزئي"))) -> مستوفاة بشكل متقدم | P5: الملاحظات فييذا
A6: MIL-01-DESIGN-ORG-1 | B6: MIL-01 | C6: =IFERROR(INDEX('قائمة الوحدات'!$B$2:$B$41,MATCH($B6,'قائمة الوحدات'!$A$2:$A$41,0)),"") -> MIL | D6: =IFERROR(INDEX('قائمة الوحدات'!$C$2:$C$41,MATCH($B6,'قائمة الوحدات'!$A$2:$A$41,0)),"") -> الجهاز العسكري | E6: =IFERROR(INDEX('قائمة الوحدات'!$D$2:$D$41,MATCH($B6,'قائمة الوحدات'!$A$2:$A$41,0)),"") -> هيئة الأركان | F6: =IFERROR(INDEX('قائمة الوحدات'!$F$2:$F$41,MATCH($B6,'قائمة الوحدات'!$A$2:$A$41,0)),"") -> هيئة الأركان | G6: DESIGN | H6: =IFERROR(INDEX(المرجع!$A$2:$A$19,MATCH($G6,المرجع!$B$2:$B$19,0)),"") -> التصميم | I6: ORG | J6: =IFERROR(INDEX(المرجع!$D$2:$D$19,MATCH($I6,المرجع!$E$2:$E$19,0)),"") -> التنظيم | K6: DESIGN-ORG-1 | L6: =IFERROR(INDEX('نقاط التحقق'!$G$2:$G$31,MATCH($K6,'نقاط التحقق'!$A$2:$A$31,0))&"","") -> تطوير الأدوار والمسؤوليات للوحدة التنظيمية وتفصيل الهيكل التنظيمي | M6: 75 | N6: 80 | O6: =IF($M6="","غير مقيّمة",IF($M6>المرجع!$K$3,"مستوفاة بشكل متقدم",IF($M6<=المرجع!$K$2,"مستوفاة بشكل أولي","مستوفاة بشكل جزئي"))) -> مستوفاة بشكل متقدم | P6: الملاحظات فييذا
A7: MIL-01-DESIGN-RES-1 | B7: MIL-01 | C7: =IFERROR(INDEX('قائمة الوحدات'!$B$2:$B$41,MATCH($B7,'قائمة الوحدات'!$A$2:$A$41,0)),"") -> MIL | D7: =IFERROR(INDEX('قائمة الوحدات'!$C$2:$C$41,MATCH($B7,'قائمة الوحدات'!$A$2:$A$41,0)),"") -> الجهاز العسكري | E7: =IFERROR(INDEX('قائمة الوحدات'!$D$2:$D$41,MATCH($B7,'قائمة الوحدات'!$A$2:$A$41,0)),"") -> هيئة الأركان | F7: =IFERROR(INDEX('قائمة الوحدات'!$F$2:$F$41,MATCH($B7,'قائمة الوحدات'!$A$2:$A$41,0)),"") -> هيئة الأركان | G7: DESIGN | H7: =IFERROR(INDEX(المرجع!$A$2:$A$19,MATCH($G7,المرجع!$B$2:$B$19,0)),"") -> التصميم | I7: RES | J7: =IFERROR(INDEX(المرجع!$D$2:$D$19,MATCH($I7,المرجع!$E$2:$E$19,0)),"") -> الموارد | K7: DESIGN-RES-1 | L7: =IFERROR(INDEX('نقاط التحقق'!$G$2:$G$31,MATCH($K7,'نقاط التحقق'!$A$2:$A$31,0))&"","") -> تفصيل احتياج الموارد البشرية للوحدة التنظيمية | M7: 70 | N7: 80 | O7: =IF($M7="","غير مقيّمة",IF($M7>المرجع!$K$3,"مستوفاة بشكل متقدم",IF($M7<=المرجع!$K$2,"مستوفاة بشكل أولي","مستوفاة بشكل جزئي"))) -> مستوفاة بشكل جزئي | P7: الملاحظات فييذا
A8: MIL-01-DESIGN-PROC-1 | B8: MIL-01 | C8: =IFERROR(INDEX('قائمة الوحدات'!$B$2:$B$41,MATCH($B8,'قائمة الوحدات'!$A$2:$A$41,0)),"") -> MIL | D8: =IFERROR(INDEX('قائمة الوحدات'!$C$2:$C$41,MATCH($B8,'قائمة الوحدات'!$A$2:$A$41,0)),"") -> الجهاز العسكري | E8: =IFERROR(INDEX('قائمة الوحدات'!$D$2:$D$41,MATCH($B8,'قائمة الوحدات'!$A$2:$A$41,0)),"") -> هيئة الأركان | F8: =IFERROR(INDEX('قائمة الوحدات'!$F$2:$F$41,MATCH($B8,'قائمة الوحدات'!$A$2:$A$41,0)),"") -> هيئة الأركان | G8: DESIGN | H8: =IFERROR(INDEX(المرجع!$A$2:$A$19,MATCH($G8,المرجع!$B$2:$B$19,0)),"") -> التصميم | I8: PROC | J8: =IFERROR(INDEX(المرجع!$D$2:$D$19,MATCH($I8,المرجع!$E$2:$E$19,0)),"") -> الإجراءات | K8: DESIGN-PROC-1 | L8: =IFERROR(INDEX('نقاط التحقق'!$G$2:$G$31,MATCH($K8,'نقاط التحقق'!$A$2:$A$31,0))&"","") -> تفصيل المخرجات إلى إجراءات عالية المستوى | M8: 82 | N8: 90 | O8: =IF($M8="","غير مقيّمة",IF($M8>المرجع!$K$3,"مستوفاة بشكل متقدم",IF($M8<=المرجع!$K$2,"مستوفاة بشكل أولي","مستوفاة بشكل جزئي"))) -> مستوفاة بشكل متقدم | P8: الملاحظات فييذا
A9: MIL-01-BUILD-ROLE-1 | B9: MIL-01 | C9: =IFERROR(INDEX('قائمة الوحدات'!$B$2:$B$41,MATCH($B9,'قائمة الوحدات'!$A$2:$A$41,0)),"") -> MIL | D9: =IFERROR(INDEX('قائمة الوحدات'!$C$2:$C$41,MATCH($B9,'قائمة الوحدات'!$A$2:$A$41,0)),"") -> الجهاز العسكري | E9: =IFERROR(INDEX('قائمة الوحدات'!$D$2:$D$41,MATCH($B9,'قائمة الوحدات'!$A$2:$A$41,0)),"") -> هيئة الأركان | F9: =IFERROR(INDEX('قائمة الوحدات'!$F$2:$F$41,MATCH($B9,'قائمة الوحدات'!$A$2:$A$41,0)),"") -> هيئة الأركان | G9: BUILD | H9: =IFERROR(INDEX(المرجع!$A$2:$A$19,MATCH($G9,المرجع!$B$2:$B$19,0)),"") -> البناء المؤسسي | I9: ROLE | J9: =IFERROR(INDEX(المرجع!$D$2:$D$19,MATCH($I9,المرجع!$E$2:$E$19,0)),"") -> الدور | K9: BUILD-ROLE-1 | L9: =IFERROR(INDEX('نقاط التحقق'!$G$2:$G$31,MATCH($K9,'نقاط التحقق'!$A$2:$A$31,0))&"","") -> دور معتمد للوحدة التنظيمية | M9: 62 | N9: 90 | O9: =IF($M9="","غير مقيّمة",IF($M9>المرجع!$K$3,"مستوفاة بشكل متقدم",IF($M9<=المرجع!$K$2,"مستوفاة بشكل أولي","مستوفاة بشكل جزئي"))) -> مستوفاة بشكل جزئي | P9: الملاحظات فييذا
A10: MIL-01-BUILD-KPI-1 | B10: MIL-01 | C10: =IFERROR(INDEX('قائمة الوحدات'!$B$2:$B$41,MATCH($B10,'قائمة الوحدات'!$A$2:$A$41,0)),"") -> MIL | D10: =IFERROR(INDEX('قائمة الوحدات'!$C$2:$C$41,MATCH($B10,'قائمة الوحدات'!$A$2:$A$41,0)),"") -> الجهاز العسكري | E10: =IFERROR(INDEX('قائمة الوحدات'!$D$2:$D$41,MATCH($B10,'قائمة الوحدات'!$A$2:$A$41,0)),"") -> هيئة الأركان | F10: =IFERROR(INDEX('قائمة الوحدات'!$F$2:$F$41,MATCH($B10,'قائمة الوحدات'!$A$2:$A$41,0)),"") -> هيئة الأركان | G10: BUILD | H10: =IFERROR(INDEX(المرجع!$A$2:$A$19,MATCH($G10,المرجع!$B$2:$B$19,0)),"") -> البناء المؤسسي | I10: KPI | J10: =IFERROR(INDEX(المرجع!$D$2:$D$19,MATCH($I10,المرجع!$E$2:$E$19,0)),"") -> الأهداف ومؤشرات الأداء | K10: BUILD-KPI-1 | L10: =IFERROR(INDEX('نقاط التحقق'!$G$2:$G$31,MATCH($K10,'نقاط التحقق'!$A$2:$A$31,0))&"","") -> أهداف تشغيلية معتمدة من صاحب الصلاحية | M10: 70 | N10: 80 | O10: =IF($M10="","غير مقيّمة",IF($M10>المرجع!$K$3,"مستوفاة بشكل متقدم",IF($M10<=المرجع!$K$2,"مستوفاة بشكل أولي","مستوفاة بشكل جزئي"))) -> مستوفاة بشكل جزئي | P10: الملاحظات فييذا
A11: MIL-01-BUILD-KPI-2 | B11: MIL-01 | C11: =IFERROR(INDEX('قائمة الوحدات'!$B$2:$B$41,MATCH($B11,'قائمة الوحدات'!$A$2:$A$41,0)),"") -> MIL | D11: =IFERROR(INDEX('قائمة الوحدات'!$C$2:$C$41,MATCH($B11,'قائمة الوحدات'!$A$2:$A$41,0)),"") -> الجهاز العسكري | E11: =IFERROR(INDEX('قائمة الوحدات'!$D$2:$D$41,MATCH($B11,'قائمة الوحدات'!$A$2:$A$41,0)),"") -> هيئة الأركان | F11: =IFERROR(INDEX('قائمة الوحدات'!$F$2:$F$41,MATCH($B11,'قائمة الوحدات'!$A$2:$A$41,0)),"") -> هيئة الأركان | G11: BUILD | H11: =IFERROR(INDEX(المرجع!$A$2:$A$19,MATCH($G11,المرجع!$B$2:$B$19,0)),"") -> البناء المؤسسي | I11: KPI | J11: =IFERROR(INDEX(المرجع!$D$2:$D$19,MATCH($I11,المرجع!$E$2:$E$19,0)),"") -> الأهداف ومؤشرات الأداء | K11: BUILD-KPI-2 | L11: =IFERROR(INDEX('نقاط التحقق'!$G$2:$G$31,MATCH($K11,'نقاط التحقق'!$A$2:$A$31,0))&"","") -> نشر الأهداف التشغيلية على موظفي الوحدة التنظيمية | M11: 95 | N11: 100 | O11: =IF($M11="","غير مقيّمة",IF($M11>المرجع!$K$3,"مستوفاة بشكل متقدم",IF($M11<=المرجع!$K$2,"مستوفاة بشكل أولي","مستوفاة بشكل جزئي"))) -> مستوفاة بشكل متقدم | P11: الملاحظات فييذا
A12: MIL-01-BUILD-GOV-1 | B12: MIL-01 | C12: =IFERROR(INDEX('قائمة الوحدات'!$B$2:$B$41,MATCH($B12,'قائمة الوحدات'!$A$2:$A$41,0)),"") -> MIL | D12: =IFERROR(INDEX('قائمة الوحدات'!$C$2:$C$41,MATCH($B12,'قائمة الوحدات'!$A$2:$A$41,0)),"") -> الجهاز العسكري | E12: =IFERROR(INDEX('قائمة الوحدات'!$D$2:$D$41,MATCH($B12,'قائمة الوحدات'!$A$2:$A$41,0)),"") -> هيئة الأركان | F12: =IFERROR(INDEX('قائمة الوحدات'!$F$2:$F$41,MATCH($B12,'قائمة الوحدات'!$A$2:$A$41,0)),"") -> هيئة الأركان | G12: BUILD | H12: =IFERROR(INDEX(المرجع!$A$2:$A$19,MATCH($G12,المرجع!$B$2:$B$19,0)),"") -> البناء المؤسسي | I12: GOV | J12: =IFERROR(INDEX(المرجع!$D$2:$D$19,MATCH($I12,المرجع!$E$2:$E$19,0)),"") -> الحوكمة | K12: BUILD-GOV-1 | L12: =IFERROR(INDEX('نقاط التحقق'!$G$2:$G$31,MATCH($K12,'نقاط التحقق'!$A$2:$A$31,0))&"","") -> مصفوفة صلاحيات معتمدة ومعممة على أصحاب المصلحة | M12: 70 | N12: 85 | O12: =IF($M12="","غير مقيّمة",IF($M12>المرجع!$K$3,"مستوفاة بشكل متقدم",IF($M12<=المرجع!$K$2,"مستوفاة بشكل أولي","مستوفاة بشكل جزئي"))) -> مستوفاة بشكل جزئي | P12: الملاحظات فييذا
A13: MIL-01-BUILD-GOV-2 | B13: MIL-01 | C13: =IFERROR(INDEX('قائمة الوحدات'!$B$2:$B$41,MATCH($B13,'قائمة الوحدات'!$A$2:$A$41,0)),"") -> MIL | D13: =IFERROR(INDEX('قائمة الوحدات'!$C$2:$C$41,MATCH($B13,'قائمة الوحدات'!$A$2:$A$41,0)),"") -> الجهاز العسكري | E13: =IFERROR(INDEX('قائمة الوحدات'!$D$2:$D$41,MATCH($B13,'قائمة الوحدات'!$A$2:$A$41,0)),"") -> هيئة الأركان | F13: =IFERROR(INDEX('قائمة الوحدات'!$F$2:$F$41,MATCH($B13,'قائمة الوحدات'!$A$2:$A$41,0)),"") -> هيئة الأركان | G13: BUILD | H13: =IFERROR(INDEX(المرجع!$A$2:$A$19,MATCH($G13,المرجع!$B$2:$B$19,0)),"") -> البناء المؤسسي | I13: GOV | J13: =IFERROR(INDEX(المرجع!$D$2:$D$19,MATCH($I13,المرجع!$E$2:$E$19,0)),"") -> الحوكمة | K13: BUILD-GOV-2 | L13: =IFERROR(INDEX('نقاط التحقق'!$G$2:$G$31,MATCH($K13,'نقاط التحقق'!$A$2:$A$31,0))&"","") -> سياسات معتمدة للتي تملكها الوحدة التنظيمية | M13: 75 | N13: 90 | O13: =IF($M13="","غير مقيّمة",IF($M13>المرجع!$K$3,"مستوفاة بشكل متقدم",IF($M13<=المرجع!$K$2,"مستوفاة بشكل أولي","مستوفاة بشكل جزئي"))) -> مستوفاة بشكل متقدم | P13: الملاحظات فييذا
... A53: MIL-02-BUILD-OUT1-1 | B53: MIL-02 | C53: =IFERROR(INDEX('قائمة الوحدات'!$B$2:$B$41,MATCH($B53,'قائمة الوحدات'!$A$2:$A$41,0)),"") -> MIL | D53: =IFERROR(INDEX('قائمة الوحدات'!$C$2:$C$41,MATCH($B53,'قائمة الوحدات'!$A$2:$A$41,0)),"") -> الجهاز العسكري | E53: =IFERROR(INDEX('قائمة الوحدات'!$D$2:$D$41,MATCH($B53,'قائمة الوحدات'!$A$2:$A$41,0)),"") -> قيادة القوات البرية | F53: =IFERROR(INDEX('قائمة الوحدات'!$F$2:$F$41,MATCH($B53,'قائمة الوحدات'!$A$2:$A$41,0)),"") -> قيادة القوات البرية | G53: BUILD | H53: =IFERROR(INDEX(المرجع!$A$2:$A$19,MATCH($G53,المرجع!$B$2:$B$19,0)),"") -> البناء المؤسسي | I53: OUT1 | J53: =IFERROR(INDEX(المرجع!$D$2:$D$19,MATCH($I53,المرجع!$E$2:$E$19,0)),"") -> إنتاج المخرج الأول | K53: BUILD-OUT1-1 | L53: =IFERROR(INDEX('نقاط التحقق'!$G$2:$G$31,MATCH($K53,'نقاط التحقق'!$A$2:$A$31,0))&"","") -> إنتاج المخرج الأول من قبل الوحدة التنظيمية | M53: 44 | N53: 80 | O53: =IF($M53="","غير مقيّمة",IF($M53>المرجع!$K$3,"مستوفاة بشكل متقدم",IF($M53<=المرجع!$K$2,"مستوفاة بشكل أولي","مستوفاة بشكل جزئي"))) -> مستوفاة بشكل جزئي | P53: الملاحظات فييذا
A54: MIL-02-OPERATE-KPI-1 | B54: MIL-02 | C54: =IFERROR(INDEX('قائمة الوحدات'!$B$2:$B$41,MATCH($B54,'قائمة الوحدات'!$A$2:$A$41,0)),"") -> MIL | D54: =IFERROR(INDEX('قائمة الوحدات'!$C$2:$C$41,MATCH($B54,'قائمة الوحدات'!$A$2:$A$41,0)),"") -> الجهاز العسكري | E54: =IFERROR(INDEX('قائمة الوحدات'!$D$2:$D$41,MATCH($B54,'قائمة الوحدات'!$A$2:$A$41,0)),"") -> قيادة القوات البرية | F54: =IFERROR(INDEX('قائمة الوحدات'!$F$2:$F$41,MATCH($B54,'قائمة الوحدات'!$A$2:$A$41,0)),"") -> قيادة القوات البرية | G54: OPERATE | H54: =IFERROR(INDEX(المرجع!$A$2:$A$19,MATCH($G54,المرجع!$B$2:$B$19,0)),"") -> التشغيل | I54: KPI | J54: =IFERROR(INDEX(المرجع!$D$2:$D$19,MATCH($I54,المرجع!$E$2:$E$19,0)),"") -> الأهداف ومؤشرات الأداء | K54: OPERATE-KPI-1 | L54: =IFERROR(INDEX('نقاط التحقق'!$G$2:$G$31,MATCH($K54,'نقاط التحقق'!$A$2:$A$31,0))&"","") -> تحرك مؤشرات الأداء التشغيلي للوحدة التنظيمية بشكل إيجابي | M54: 30 | N54: 90 | O54: =IF($M54="","غير مقيّمة",IF($M54>المرجع!$K$3,"مستوفاة بشكل متقدم",IF($M54<=المرجع!$K$2,"مستوفاة بشكل أولي","مستوفاة بشكل جزئي"))) -> مستوفاة بشكل أولي
A55: MIL-02-OPERATE-KPI-2 | B55: MIL-02 | C55: =IFERROR(INDEX('قائمة الوحدات'!$B$2:$B$41,MATCH($B55,'قائمة الوحدات'!$A$2:$A$41,0)),"") -> MIL | D55: =IFERROR(INDEX('قائمة الوحدات'!$C$2:$C$41,MATCH($B55,'قائمة الوحدات'!$A$2:$A$41,0)),"") -> الجهاز العسكري | E55: =IFERROR(INDEX('قائمة الوحدات'!$D$2:$D$41,MATCH($B55,'قائمة الوحدات'!$A$2:$A$41,0)),"") -> قيادة القوات البرية | F55: =IFERROR(INDEX('قائمة الوحدات'!$F$2:$F$41,MATCH($B55,'قائمة الوحدات'!$A$2:$A$41,0)),"") -> قيادة القوات البرية | G55: OPERATE | H55: =IFERROR(INDEX(المرجع!$A$2:$A$19,MATCH($G55,المرجع!$B$2:$B$19,0)),"") -> التشغيل | I55: KPI | J55: =IFERROR(INDEX(المرجع!$D$2:$D$19,MATCH($I55,المرجع!$E$2:$E$19,0)),"") -> الأهداف ومؤشرات الأداء | K55: OPERATE-KPI-2 | L55: =IFERROR(INDEX('نقاط التحقق'!$G$2:$G$31,MATCH($K55,'نقاط التحقق'!$A$2:$A$31,0))&"","") -> خطة سنوية معتمدة للوحدة التنظيمية | M55: 40 | N55: 100 | O55: =IF($M55="","غير مقيّمة",IF($M55>المرجع!$K$3,"مستوفاة بشكل متقدم",IF($M55<=المرجع!$K$2,"مستوفاة بشكل أولي","مستوفاة بشكل جزئي"))) -> مستوفاة بشكل جزئي
A56: MIL-02-OPERATE-GOV-1 | B56: MIL-02 | C56: =IFERROR(INDEX('قائمة الوحدات'!$B$2:$B$41,MATCH($B56,'قائمة الوحدات'!$A$2:$A$41,0)),"") -> MIL | D56: =IFERROR(INDEX('قائمة الوحدات'!$C$2:$C$41,MATCH($B56,'قائمة الوحدات'!$A$2:$A$41,0)),"") -> الجهاز العسكري | E56: =IFERROR(INDEX('قائمة الوحدات'!$D$2:$D$41,MATCH($B56,'قائمة الوحدات'!$A$2:$A$41,0)),"") -> قيادة القوات البرية | F56: =IFERROR(INDEX('قائمة الوحدات'!$F$2:$F$41,MATCH($B56,'قائمة الوحدات'!$A$2:$A$41,0)),"") -> قيادة القوات البرية | G56: OPERATE | H56: =IFERROR(INDEX(المرجع!$A$2:$A$19,MATCH($G56,المرجع!$B$2:$B$19,0)),"") -> التشغيل | I56: GOV | J56: =IFERROR(INDEX(المرجع!$D$2:$D$19,MATCH($I56,المرجع!$E$2:$E$19,0)),"") -> الحوكمة | K56: OPERATE-GOV-1 | L56: =IFERROR(INDEX('نقاط التحقق'!$G$2:$G$31,MATCH($K56,'نقاط التحقق'!$A$2:$A$31,0))&"","") -> محاضر لجان موثقة | M56: 25 | N56: 95 | O56: =IF($M56="","غير مقيّمة",IF($M56>المرجع!$K$3,"مستوفاة بشكل متقدم",IF($M56<=المرجع!$K$2,"مستوفاة بشكل أولي","مستوفاة بشكل جزئي"))) -> مستوفاة بشكل أولي
A57: MIL-02-OPERATE-GOV-2 | B57: MIL-02 | C57: =IFERROR(INDEX('قائمة الوحدات'!$B$2:$B$41,MATCH($B57,'قائمة الوحدات'!$A$2:$A$41,0)),"") -> MIL | D57: =IFERROR(INDEX('قائمة الوحدات'!$C$2:$C$41,MATCH($B57,'قائمة الوحدات'!$A$2:$A$41,0)),"") -> الجهاز العسكري | E57: =IFERROR(INDEX('قائمة الوحدات'!$D$2:$D$41,MATCH($B57,'قائمة الوحدات'!$A$2:$A$41,0)),"") -> قيادة القوات البرية | F57: =IFERROR(INDEX('قائمة الوحدات'!$F$2:$F$41,MATCH($B57,'قائمة الوحدات'!$A$2:$A$41,0)),"") -> قيادة القوات البرية | G57: OPERATE | H57: =IFERROR(INDEX(المرجع!$A$2:$A$19,MATCH($G57,المرجع!$B$2:$B$19,0)),"") -> التشغيل | I57: GOV | J57: =IFERROR(INDEX(المرجع!$D$2:$D$19,MATCH($I57,المرجع!$E$2:$E$19,0)),"") -> الحوكمة | K57: OPERATE-GOV-2 | L57: =IFERROR(INDEX('نقاط التحقق'!$G$2:$G$31,MATCH($K57,'نقاط التحقق'!$A$2:$A$31,0))&"","") -> نشر السياسات التي تملكها الوحدة التنظيمية | M57: 25 | N57: 90 | O57: =IF($M57="","غير مقيّمة",IF($M57>المرجع!$K$3,"مستوفاة بشكل متقدم",IF($M57<=المرجع!$K$2,"مستوفاة بشكل أولي","مستوفاة بشكل جزئي"))) -> مستوفاة بشكل أولي
A58: MIL-02-OPERATE-GOV-3 | B58: MIL-02 | C58: =IFERROR(INDEX('قائمة الوحدات'!$B$2:$B$41,MATCH($B58,'قائمة الوحدات'!$A$2:$A$41,0)),"") -> MIL | D58: =IFERROR(INDEX('قائمة الوحدات'!$C$2:$C$41,MATCH($B58,'قائمة الوحدات'!$A$2:$A$41,0)),"") -> الجهاز العسكري | E58: =IFERROR(INDEX('قائمة الوحدات'!$D$2:$D$41,MATCH($B58,'قائمة الوحدات'!$A$2:$A$41,0)),"") -> قيادة القوات البرية | F58: =IFERROR(INDEX('قائمة الوحدات'!$F$2:$F$41,MATCH($B58,'قائمة الوحدات'!$A$2:$A$41,0)),"") -> قيادة القوات البرية | G58: OPERATE | H58: =IFERROR(INDEX(المرجع!$A$2:$A$19,MATCH($G58,المرجع!$B$2:$B$19,0)),"") -> التشغيل | I58: GOV | J58: =IFERROR(INDEX(المرجع!$D$2:$D$19,MATCH($I58,المرجع!$E$2:$E$19,0)),"") -> الحوكمة | K58: OPERATE-GOV-3 | L58: =IFERROR(INDEX('نقاط التحقق'!$G$2:$G$31,MATCH($K58,'نقاط التحقق'!$A$2:$A$31,0))&"","") -> اتخاذ القرارات في نطاق الصلاحيات (وجود شواهد) | M58: 55 | N58: 100 | O58: =IF($M58="","غير مقيّمة",IF($M58>المرجع!$K$3,"مستوفاة بشكل متقدم",IF($M58<=المرجع!$K$2,"مستوفاة بشكل أولي","مستوفاة بشكل جزئي"))) -> مستوفاة بشكل جزئي
A59: MIL-02-OPERATE-RES-1 | B59: MIL-02 | C59: =IFERROR(INDEX('قائمة الوحدات'!$B$2:$B$41,MATCH($B59,'قائمة الوحدات'!$A$2:$A$41,0)),"") -> MIL | D59: =IFERROR(INDEX('قائمة الوحدات'!$C$2:$C$41,MATCH($B59,'قائمة الوحدات'!$A$2:$A$41,0)),"") -> الجهاز العسكري | E59: =IFERROR(INDEX('قائمة الوحدات'!$D$2:$D$41,MATCH($B59,'قائمة الوحدات'!$A$2:$A$41,0)),"") -> قيادة القوات البرية | F59: =IFERROR(INDEX('قائمة الوحدات'!$F$2:$F$41,MATCH($B59,'قائمة الوحدات'!$A$2:$A$41,0)),"") -> قيادة القوات البرية | G59: OPERATE | H59: =IFERROR(INDEX(المرجع!$A$2:$A$19,MATCH($G59,المرجع!$B$2:$B$19,0)),"") -> التشغيل | I59: RES | J59: =IFERROR(INDEX(المرجع!$D$2:$D$19,MATCH($I59,المرجع!$E$2:$E$19,0)),"") -> الموارد | K59: OPERATE-RES-1 | L59: =IFERROR(INDEX('نقاط التحقق'!$G$2:$G$31,MATCH($K59,'نقاط التحقق'!$A$2:$A$31,0))&"","") -> موارد مستكملة للحد الأدنى الذي يغطي كافة محاور سلسلة القيمة | M59: 55 | N59: 85 | O59: =IF($M59="","غير مقيّمة",IF($M59>المرجع!$K$3,"مستوفاة بشكل متقدم",IF($M59<=المرجع!$K$2,"مستوفاة بشكل أولي","مستوفاة بشكل جزئي"))) -> مستوفاة بشكل جزئي
A60: MIL-02-OPERATE-PROC-1 | B60: MIL-02 | C60: =IFERROR(INDEX('قائمة الوحدات'!$B$2:$B$41,MATCH($B60,'قائمة الوحدات'!$A$2:$A$41,0)),"") -> MIL | D60: =IFERROR(INDEX('قائمة الوحدات'!$C$2:$C$41,MATCH($B60,'قائمة الوحدات'!$A$2:$A$41,0)),"") -> الجهاز العسكري | E60: =IFERROR(INDEX('قائمة الوحدات'!$D$2:$D$41,MATCH($B60,'قائمة الوحدات'!$A$2:$A$41,0)),"") -> قيادة القوات البرية | F60: =IFERROR(INDEX('قائمة الوحدات'!$F$2:$F$41,MATCH($B60,'قائمة الوحدات'!$A$2:$A$41,0)),"") -> قيادة القوات البرية | G60: OPERATE | H60: =IFERROR(INDEX(المرجع!$A$2:$A$19,MATCH($G60,المرجع!$B$2:$B$19,0)),"") -> التشغيل | I60: PROC | J60: =IFERROR(INDEX(المرجع!$D$2:$D$19,MATCH($I60,المرجع!$E$2:$E$19,0)),"") -> الإجراءات | K60: OPERATE-PROC-1 | L60: =IFERROR(INDEX('نقاط التحقق'!$G$2:$G$31,MATCH($K60,'نقاط التحقق'!$A$2:$A$31,0))&"","") -> تحقيق تقييم "مطبق بشكل كامل" من منهجية تقييم فعالية الإجراءات | M60: 23 | N60: 80 | O60: =IF($M60="","غير مقيّمة",IF($M60>المرجع!$K$3,"مستوفاة بشكل متقدم",IF($M60<=المرجع!$K$2,"مستوفاة بشكل أولي","مستوفاة بشكل جزئي"))) -> مستوفاة بشكل أولي
A61: MIL-02-OPERATE-OUTF-1 | B61: MIL-02 | C61: =IFERROR(INDEX('قائمة الوحدات'!$B$2:$B$41,MATCH($B61,'قائمة الوحدات'!$A$2:$A$41,0)),"") -> MIL | D61: =IFERROR(INDEX('قائمة الوحدات'!$C$2:$C$41,MATCH($B61,'قائمة الوحدات'!$A$2:$A$41,0)),"") -> الجهاز العسكري | E61: =IFERROR(INDEX('قائمة الوحدات'!$D$2:$D$41,MATCH($B61,'قائمة الوحدات'!$A$2:$A$41,0)),"") -> قيادة القوات البرية | F61: =IFERROR(INDEX('قائمة الوحدات'!$F$2:$F$41,MATCH($B61,'قائمة الوحدات'!$A$2:$A$41,0)),"") -> قيادة القوات البرية | G61: OPERATE | H61: =IFERROR(INDEX(المرجع!$A$2:$A$19,MATCH($G61,المرجع!$B$2:$B$19,0)),"") -> التشغيل | I61: OUTF | J61: =IFERROR(INDEX(المرجع!$D$2:$D$19,MATCH($I61,المرجع!$E$2:$E$19,0)),"") -> اكتمال المخرجات المستهدفة | K61: OPERATE-OUTF-1 | L61: =IFERROR(INDEX('نقاط التحقق'!$G$2:$G$31,MATCH($K61,'نقاط التحقق'!$A$2:$A$31,0))&"","") -> اكتمال مخرجات النموذج التشغيلي المستهدف للوحدة التنظيمية | M61: 62 | N61: 100 | O61: =IF($M61="","غير مقيّمة",IF($M61>المرجع!$K$3,"مستوفاة بشكل متقدم",IF($M61<=المرجع!$K$2,"مستوفاة بشكل أولي","مستوفاة بشكل جزئي"))) -> مستوفاة بشكل جزئي
A62: MIL-03-DESIGN-ROLE-1 | B62: MIL-03 | C62: =IFERROR(INDEX('قائمة الوحدات'!$B$2:$B$41,MATCH($B62,'قائمة الوحدات'!$A$2:$A$41,0)),"") -> MIL | D62: =IFERROR(INDEX('قائمة الوحدات'!$C$2:$C$41,MATCH($B62,'قائمة الوحدات'!$A$2:$A$41,0)),"") -> الجهاز العسكري | E62: =IFERROR(INDEX('قائمة الوحدات'!$D$2:$D$41,MATCH($B62,'قائمة الوحدات'!$A$2:$A$41,0)),"") -> قيادة القوات الجوية | F62: =IFERROR(INDEX('قائمة الوحدات'!$F$2:$F$41,MATCH($B62,'قائمة الوحدات'!$A$2:$A$41,0)),"") -> قيادة القوات الجوية | G62: DESIGN | H62: =IFERROR(INDEX(المرجع!$A$2:$A$19,MATCH($G62,المرجع!$B$2:$B$19,0)),"") -> التصميم | I62: ROLE | J62: =IFERROR(INDEX(المرجع!$D$2:$D$19,MATCH($I62,المرجع!$E$2:$E$19,0)),"") -> الدور | K62: DESIGN-ROLE-1 | L62: =IFERROR(INDEX('نقاط التحقق'!$G$2:$G$31,MATCH($K62,'نقاط التحقق'!$A$2:$A$31,0))&"","") -> دور مفصل للوحدة التنظيمية | M62: 78 | N62: 100 | O62: =IF($M62="","غير مقيّمة",IF($M62>المرجع!$K$3,"مستوفاة بشكل متقدم",IF($M62<=المرجع!$K$2,"مستوفاة بشكل أولي","مستوفاة بشكل جزئي"))) -> مستوفاة بشكل متقدم
A63: MIL-03-DESIGN-KPI-1 | B63: MIL-03 | C63: =IFERROR(INDEX('قائمة الوحدات'!$B$2:$B$41,MATCH($B63,'قائمة الوحدات'!$A$2:$A$41,0)),"") -> MIL | D63: =IFERROR(INDEX('قائمة الوحدات'!$C$2:$C$41,MATCH($B63,'قائمة الوحدات'!$A$2:$A$41,0)),"") -> الجهاز العسكري | E63: =IFERROR(INDEX('قائمة الوحدات'!$D$2:$D$41,MATCH($B63,'قائمة الوحدات'!$A$2:$A$41,0)),"") -> قيادة القوات الجوية | F63: =IFERROR(INDEX('قائمة الوحدات'!$F$2:$F$41,MATCH($B63,'قائمة الوحدات'!$A$2:$A$41,0)),"") -> قيادة القوات الجوية | G63: DESIGN | H63: =IFERROR(INDEX(المرجع!$A$2:$A$19,MATCH($G63,المرجع!$B$2:$B$19,0)),"") -> التصميم | I63: KPI | J63: =IFERROR(INDEX(المرجع!$D$2:$D$19,MATCH($I63,المرجع!$E$2:$E$19,0)),"") -> الأهداف ومؤشرات الأداء | K63: DESIGN-KPI-1 | L63: =IFERROR(INDEX('نقاط التحقق'!$G$2:$G$31,MATCH($K63,'نقاط التحقق'!$A$2:$A$31,0))&"","") -> أهداف محددة للوحدة التنظيمية وربطها بمؤشرات أداء لقياسها | M63: 80 | N63: 85 | O63: =IF($M63="","غير مقيّمة",IF($M63>المرجع!$K$3,"مستوفاة بشكل متقدم",IF($M63<=المرجع!$K$2,"مستوفاة بشكل أولي","مستوفاة بشكل جزئي"))) -> مستوفاة بشكل متقدم
A64: MIL-03-DESIGN-KPI-2 | B64: MIL-03 | C64: =IFERROR(INDEX('قائمة الوحدات'!$B$2:$B$41,MATCH($B64,'قائمة الوحدات'!$A$2:$A$41,0)),"") -> MIL | D64: =IFERROR(INDEX('قائمة الوحدات'!$C$2:$C$41,MATCH($B64,'قائمة الوحدات'!$A$2:$A$41,0)),"") -> الجهاز العسكري | E64: =IFERROR(INDEX('قائمة الوحدات'!$D$2:$D$41,MATCH($B64,'قائمة الوحدات'!$A$2:$A$41,0)),"") -> قيادة القوات الجوية | F64: =IFERROR(INDEX('قائمة الوحدات'!$F$2:$F$41,MATCH($B64,'قائمة الوحدات'!$A$2:$A$41,0)),"") -> قيادة القوات الجوية | G64: DESIGN | H64: =IFERROR(INDEX(المرجع!$A$2:$A$19,MATCH($G64,المرجع!$B$2:$B$19,0)),"") -> التصميم | I64: KPI | J64: =IFERROR(INDEX(المرجع!$D$2:$D$19,MATCH($I64,المرجع!$E$2:$E$19,0)),"") -> الأهداف ومؤشرات الأداء | K64: DESIGN-KPI-2 | L64: =IFERROR(INDEX('نقاط التحقق'!$G$2:$G$31,MATCH($K64,'نقاط التحقق'!$A$2:$A$31,0))&"","") -> مؤشرات أداء الوحدة التنظيمية | M64: 100 | N64: 100 | O64: =IF($M64="","غير مقيّمة",IF($M64>المرجع!$K$3,"مستوفاة بشكل متقدم",IF($M64<=المرجع!$K$2,"مستوفاة بشكل أولي","مستوفاة بشكل جزئي"))) -> مستوفاة بشكل متقدم
A65: MIL-03-DESIGN-GOV-1 | B65: MIL-03 | C65: =IFERROR(INDEX('قائمة الوحدات'!$B$2:$B$41,MATCH($B65,'قائمة الوحدات'!$A$2:$A$41,0)),"") -> MIL | D65: =IFERROR(INDEX('قائمة الوحدات'!$C$2:$C$41,MATCH($B65,'قائمة الوحدات'!$A$2:$A$41,0)),"") -> الجهاز العسكري | E65: =IFERROR(INDEX('قائمة الوحدات'!$D$2:$D$41,MATCH($B65,'قائمة الوحدات'!$A$2:$A$41,0)),"") -> قيادة القوات الجوية | F65: =IFERROR(INDEX('قائمة الوحدات'!$F$2:$F$41,MATCH($B65,'قائمة الوحدات'!$A$2:$A$41,0)),"") -> قيادة القوات الجوية | G65: DESIGN | H65: =IFERROR(INDEX(المرجع!$A$2:$A$19,MATCH($G65,المرجع!$B$2:$B$19,0)),"") -> التصميم | I65: GOV | J65: =IFERROR(INDEX(المرجع!$D$2:$D$19,MATCH($I65,المرجع!$E$2:$E$19,0)),"") -> الحوكمة | K65: DESIGN-GOV-1 | L65: =IFERROR(INDEX('نقاط التحقق'!$G$2:$G$31,MATCH($K65,'نقاط التحقق'!$A$2:$A$31,0))&"","") -> تفصيل القرارات ومصفوفة الصلاحيات واللجان ذات العلاقة لاعتماد مخرجات الوحدة التنظيمية | M65: 77 | N65: 85 | O65: =IF($M65="","غير مقيّمة",IF($M65>المرجع!$K$3,"مستوفاة بشكل متقدم",IF($M65<=المرجع!$K$2,"مستوفاة بشكل أولي","مستوفاة بشكل جزئي"))) -> مستوفاة بشكل متقدم
... A631: MIL-21-OPERATE-OUTF-1 | B631: MIL-21 | C631: =IFERROR(INDEX('قائمة الوحدات'!$B$2:$B$41,MATCH($B631,'قائمة الوحدات'!$A$2:$A$41,0)),"") -> MIL | D631: =IFERROR(INDEX('قائمة الوحدات'!$C$2:$C$41,MATCH($B631,'قائمة الوحدات'!$A$2:$A$41,0)),"") -> الجهاز العسكري | E631: =IFERROR(INDEX('قائمة الوحدات'!$D$2:$D$41,MATCH($B631,'قائمة الوحدات'!$A$2:$A$41,0)),"") -> الإدارة العامة للمراسم والتشريفات العسكرية | F631: =IFERROR(INDEX('قائمة الوحدات'!$F$2:$F$41,MATCH($B631,'قائمة الوحدات'!$A$2:$A$41,0)),"") -> الإدارة العامة للمراسم والتشريفات العسكرية | G631: OPERATE | H631: =IFERROR(INDEX(المرجع!$A$2:$A$19,MATCH($G631,المرجع!$B$2:$B$19,0)),"") -> التشغيل | I631: OUTF | J631: =IFERROR(INDEX(المرجع!$D$2:$D$19,MATCH($I631,المرجع!$E$2:$E$19,0)),"") -> اكتمال المخرجات المستهدفة | K631: OPERATE-OUTF-1 | L631: =IFERROR(INDEX('نقاط التحقق'!$G$2:$G$31,MATCH($K631,'نقاط التحقق'!$A$2:$A$31,0))&"","") -> اكتمال مخرجات النموذج التشغيلي المستهدف للوحدة التنظيمية | M631: 36 | N631: 80 | O631: =IF($M631="","غير مقيّمة",IF($M631>المرجع!$K$3,"مستوفاة بشكل متقدم",IF($M631<=المرجع!$K$2,"مستوفاة بشكل أولي","مستوفاة بشكل جزئي"))) -> مستوفاة بشكل جزئي

Sheet تقييم العناصر
A1: معرف الصف | B1: كود الوحدة | C1: كود المجموعة | D1: المجموعة | E1: الوحدة التنظيمية الرئيسية | F1: الوحدة التنظيمية الفرعية | G1: كود المرحلة | H1: المرحلة | I1: كود العنصر | J1: العنصر | K1: ترتيب العنصر | L1: إجمالي نقاط التحقق | M1: النقاط المقيّمة | N1: نسبة اكتمال العنصر % | O1: نسبة اكتمال العنصر المستهدفة لعام 2026 % | P1: ملاحظات العنصر (سبب النقص) | Q1: الوزن في المرحلة % | R1: الوزن المكتسب | S1: تصنيف العنصر | T1: الوزن المكتسب المستهدف لعام 2026
A2: TOP-01-DESIGN-ROLE | B2: TOP-01 | C2: =IFERROR(INDEX('قائمة الوحدات'!$B$2:$B$41,MATCH($B2,'قائمة الوحدات'!$A$2:$A$41,0)),"") -> TOP | D2: =IFERROR(INDEX('قائمة الوحدات'!$C$2:$C$41,MATCH($B2,'قائمة الوحدات'!$A$2:$A$41,0)),"") -> المرتبطة بسمو الوزير | E2: =IFERROR(INDEX('قائمة الوحدات'!$D$2:$D$41,MATCH($B2,'قائمة الوحدات'!$A$2:$A$41,0)),"") -> المكتب التنفيذي | F2: =IFERROR(INDEX('قائمة الوحدات'!$F$2:$F$41,MATCH($B2,'قائمة الوحدات'!$A$2:$A$41,0)),"") -> المكتب التنفيذي | G2: DESIGN | H2: =IFERROR(INDEX(المرجع!$A$2:$A$19,MATCH($G2,المرجع!$B$2:$B$19,0)),"") -> التصميم | I2: ROLE | J2: =IFERROR(INDEX(المرجع!$D$2:$D$19,MATCH($I2,المرجع!$E$2:$E$19,0)),"") -> الدور | K2: =IFERROR(INDEX(المرجع!$F$2:$F$19,MATCH($I2,المرجع!$E$2:$E$19,0)),"") -> 1 | L2: =SUMIFS(المرجع!$H$2:$H$19,المرجع!$B$2:$B$19,$G2,المرجع!$E$2:$E$19,$I2) -> 1 | M2: =COUNTIFS('المرتبطة بسمو الوزير'!$B$2:$B$151,$B2,'المرتبطة بسمو الوزير'!$G$2:$G$151,$G2,'المرتبطة بسمو الوزير'!$I$2:$I$151,$I2,'المرتبطة بسمو الوزير'!$M$2:$M$151,"<>")+COUNTIFS('الشؤون التنفيذية'!$B$2:$B$421,$B2,'الشؤون التنفيذية'!$G$2:$G$421,$G2,'الشؤون التنفيذية'!$I$2:$I$421,$I2,'الشؤون التنفيذية'!$N$2:$N$421,"<>")+COUNTIFS('الجهاز العسكري'!$B$2:$B$631,$B2,'الجهاز العسكري'!$G$2:$G$631,$G2,'الجهاز العسكري'!$I$2:$I$631,$I2,'الجهاز العسكري'!$M$2:$M$631,"<>") -> 1 | N2: =IF($L2=0,0,ROUND((SUMIFS('المرتبطة بسمو الوزير'!$M$2:$M$151,'المرتبطة بسمو الوزير'!$B$2:$B$151,$B2,'المرتبطة بسمو الوزير'!$G$2:$G$151,$G2,'المرتبطة بسمو الوزير'!$I$2:$I$151,$I2)+SUMIFS('الشؤون التنفيذية'!$N$2:$N$421,'الشؤون التنفيذية'!$B$2:$B$421,$B2,'الشؤون التنفيذية'!$G$2:$G$421,$G2,'الشؤون التنفيذية'!$I$2:$I$421,$I2)+SUMIFS('الجهاز العسكري'!$M$2:$M$631,'الجهاز العسكري'!$B$2:$B$631,$B2,'الجهاز العسكري'!$G$2:$G$631,$G2,'الجهاز العسكري'!$I$2:$I$631,$I2))/$L2,0)) -> 50 | O2: =IF($L2=0,0,ROUND((SUMIFS('المرتبطة بسمو الوزير'!$N$2:$N$151,'المرتبطة بسمو الوزير'!$B$2:$B$151,$B2,'المرتبطة بسمو الوزير'!$G$2:$G$151,$G2,'المرتبطة بسمو الوزير'!$I$2:$I$151,$I2)+SUMIFS('الشؤون التنفيذية'!$O$2:$O$421,'الشؤون التنفيذية'!$B$2:$B$421,$B2,'الشؤون التنفيذية'!$G$2:$G$421,$G2,'الشؤون التنفيذية'!$I$2:$I$421,$I2)+SUMIFS('الجهاز العسكري'!$N$2:$N$631,'الجهاز العسكري'!$B$2:$B$631,$B2,'الجهاز العسكري'!$G$2:$G$631,$G2,'الجهاز العسكري'!$I$2:$I$631,$I2))/$L2,0)) -> 90 | Q2: =SUMIFS(المرجع!$G$2:$G$19,المرجع!$B$2:$B$19,$G2,المرجع!$E$2:$E$19,$I2) -> 25 | R2: =ROUND($Q2*$N2/100,2) -> 12.5 | S2: =IF($N2>المرجع!$K$3,"متقدم",IF($N2<=المرجع!$K$2,"أولي","جزئي")) -> جزئي | T2: =ROUND($Q2*$O2/100,2) -> 22.5
A3: TOP-01-DESIGN-KPI | B3: TOP-01 | C3: =IFERROR(INDEX('قائمة الوحدات'!$B$2:$B$41,MATCH($B3,'قائمة الوحدات'!$A$2:$A$41,0)),"") -> TOP | D3: =IFERROR(INDEX('قائمة الوحدات'!$C$2:$C$41,MATCH($B3,'قائمة الوحدات'!$A$2:$A$41,0)),"") -> المرتبطة بسمو الوزير | E3: =IFERROR(INDEX('قائمة الوحدات'!$D$2:$D$41,MATCH($B3,'قائمة الوحدات'!$A$2:$A$41,0)),"") -> المكتب التنفيذي | F3: =IFERROR(INDEX('قائمة الوحدات'!$F$2:$F$41,MATCH($B3,'قائمة الوحدات'!$A$2:$A$41,0)),"") -> المكتب التنفيذي | G3: DESIGN | H3: =IFERROR(INDEX(المرجع!$A$2:$A$19,MATCH($G3,المرجع!$B$2:$B$19,0)),"") -> التصميم | I3: KPI | J3: =IFERROR(INDEX(المرجع!$D$2:$D$19,MATCH($I3,المرجع!$E$2:$E$19,0)),"") -> الأهداف ومؤشرات الأداء | K3: =IFERROR(INDEX(المرجع!$F$2:$F$19,MATCH($I3,المرجع!$E$2:$E$19,0)),"") -> 2 | L3: =SUMIFS(المرجع!$H$2:$H$19,المرجع!$B$2:$B$19,$G3,المرجع!$E$2:$E$19,$I3) -> 2 | M3: =COUNTIFS('المرتبطة بسمو الوزير'!$B$2:$B$151,$B3,'المرتبطة بسمو الوزير'!$G$2:$G$151,$G3,'المرتبطة بسمو الوزير'!$I$2:$I$151,$I3,'المرتبطة بسمو الوزير'!$M$2:$M$151,"<>")+COUNTIFS('الشؤون التنفيذية'!$B$2:$B$421,$B3,'الشؤون التنفيذية'!$G$2:$G$421,$G3,'الشؤون التنفيذية'!$I$2:$I$421,$I3,'الشؤون التنفيذية'!$N$2:$N$421,"<>")+COUNTIFS('الجهاز العسكري'!$B$2:$B$631,$B3,'الجهاز العسكري'!$G$2:$G$631,$G3,'الجهاز العسكري'!$I$2:$I$631,$I3,'الجهاز العسكري'!$M$2:$M$631,"<>") -> 2 | N3: =IF($L3=0,0,ROUND((SUMIFS('المرتبطة بسمو الوزير'!$M$2:$M$151,'المرتبطة بسمو الوزير'!$B$2:$B$151,$B3,'المرتبطة بسمو الوزير'!$G$2:$G$151,$G3,'المرتبطة بسمو الوزير'!$I$2:$I$151,$I3)+SUMIFS('الشؤون التنفيذية'!$N$2:$N$421,'الشؤون التنفيذية'!$B$2:$B$421,$B3,'الشؤون التنفيذية'!$G$2:$G$421,$G3,'الشؤون التنفيذية'!$I$2:$I$421,$I3)+SUMIFS('الجهاز العسكري'!$M$2:$M$631,'الجهاز العسكري'!$B$2:$B$631,$B3,'الجهاز العسكري'!$G$2:$G$631,$G3,'الجهاز العسكري'!$I$2:$I$631,$I3))/$L3,0)) -> 73 | O3: =IF($L3=0,0,ROUND((SUMIFS('المرتبطة بسمو الوزير'!$N$2:$N$151,'المرتبطة بسمو الوزير'!$B$2:$B$151,$B3,'المرتبطة بسمو الوزير'!$G$2:$G$151,$G3,'المرتبطة بسمو الوزير'!$I$2:$I$151,$I3)+SUMIFS('الشؤون التنفيذية'!$O$2:$O$421,'الشؤون التنفيذية'!$B$2:$B$421,$B3,'الشؤون التنفيذية'!$G$2:$G$421,$G3,'الشؤون التنفيذية'!$I$2:$I$421,$I3)+SUMIFS('الجهاز العسكري'!$N$2:$N$631,'الجهاز العسكري'!$B$2:$B$631,$B3,'الجهاز العسكري'!$G$2:$G$631,$G3,'الجهاز العسكري'!$I$2:$I$631,$I3))/$L3,0)) -> 90 | Q3: =SUMIFS(المرجع!$G$2:$G$19,المرجع!$B$2:$B$19,$G3,المرجع!$E$2:$E$19,$I3) -> 15 | R3: =ROUND($Q3*$N3/100,2) -> 10.95 | S3: =IF($N3>المرجع!$K$3,"متقدم",IF($N3<=المرجع!$K$2,"أولي","جزئي")) -> متقدم | T3: =ROUND($Q3*$O3/100,2) -> 13.5
A4: TOP-01-DESIGN-GOV | B4: TOP-01 | C4: =IFERROR(INDEX('قائمة الوحدات'!$B$2:$B$41,MATCH($B4,'قائمة الوحدات'!$A$2:$A$41,0)),"") -> TOP | D4: =IFERROR(INDEX('قائمة الوحدات'!$C$2:$C$41,MATCH($B4,'قائمة الوحدات'!$A$2:$A$41,0)),"") -> المرتبطة بسمو الوزير | E4: =IFERROR(INDEX('قائمة الوحدات'!$D$2:$D$41,MATCH($B4,'قائمة الوحدات'!$A$2:$A$41,0)),"") -> المكتب التنفيذي | F4: =IFERROR(INDEX('قائمة الوحدات'!$F$2:$F$41,MATCH($B4,'قائمة الوحدات'!$A$2:$A$41,0)),"") -> المكتب التنفيذي | G4: DESIGN | H4: =IFERROR(INDEX(المرجع!$A$2:$A$19,MATCH($G4,المرجع!$B$2:$B$19,0)),"") -> التصميم | I4: GOV | J4: =IFERROR(INDEX(المرجع!$D$2:$D$19,MATCH($I4,المرجع!$E$2:$E$19,0)),"") -> الحوكمة | K4: =IFERROR(INDEX(المرجع!$F$2:$F$19,MATCH($I4,المرجع!$E$2:$E$19,0)),"") -> 3 | L4: =SUMIFS(المرجع!$H$2:$H$19,المرجع!$B$2:$B$19,$G4,المرجع!$E$2:$E$19,$I4) -> 1 | M4: =COUNTIFS('المرتبطة بسمو الوزير'!$B$2:$B$151,$B4,'المرتبطة بسمو الوزير'!$G$2:$G$151,$G4,'المرتبطة بسمو الوزير'!$I$2:$I$151,$I4,'المرتبطة بسمو الوزير'!$M$2:$M$151,"<>")+COUNTIFS('الشؤون التنفيذية'!$B$2:$B$421,$B4,'الشؤون التنفيذية'!$G$2:$G$421,$G4,'الشؤون التنفيذية'!$I$2:$I$421,$I4,'الشؤون التنفيذية'!$N$2:$N$421,"<>")+COUNTIFS('الجهاز العسكري'!$B$2:$B$631,$B4,'الجهاز العسكري'!$G$2:$G$631,$G4,'الجهاز العسكري'!$I$2:$I$631,$I4,'الجهاز العسكري'!$M$2:$M$631,"<>") -> 1 | N4: =IF($L4=0,0,ROUND((SUMIFS('المرتبطة بسمو الوزير'!$M$2:$M$151,'المرتبطة بسمو الوزير'!$B$2:$B$151,$B4,'المرتبطة بسمو الوزير'!$G$2:$G$151,$G4,'المرتبطة بسمو الوزير'!$I$2:$I$151,$I4)+SUMIFS('الشؤون التنفيذية'!$N$2:$N$421,'الشؤون التنفيذية'!$B$2:$B$421,$B4,'الشؤون التنفيذية'!$G$2:$G$421,$G4,'الشؤون التنفيذية'!$I$2:$I$421,$I4)+SUMIFS('الجهاز العسكري'!$M$2:$M$631,'الجهاز العسكري'!$B$2:$B$631,$B4,'الجهاز العسكري'!$G$2:$G$631,$G4,'الجهاز العسكري'!$I$2:$I$631,$I4))/$L4,0)) -> 87 | O4: =IF($L4=0,0,ROUND((SUMIFS('المرتبطة بسمو الوزير'!$N$2:$N$151,'المرتبطة بسمو الوزير'!$B$2:$B$151,$B4,'المرتبطة بسمو الوزير'!$G$2:$G$151,$G4,'المرتبطة بسمو الوزير'!$I$2:$I$151,$I4)+SUMIFS('الشؤون التنفيذية'!$O$2:$O$421,'الشؤون التنفيذية'!$B$2:$B$421,$B4,'الشؤون التنفيذية'!$G$2:$G$421,$G4,'الشؤون التنفيذية'!$I$2:$I$421,$I4)+SUMIFS('الجهاز العسكري'!$N$2:$N$631,'الجهاز العسكري'!$B$2:$B$631,$B4,'الجهاز العسكري'!$G$2:$G$631,$G4,'الجهاز العسكري'!$I$2:$I$631,$I4))/$L4,0)) -> 100 | Q4: =SUMIFS(المرجع!$G$2:$G$19,المرجع!$B$2:$B$19,$G4,المرجع!$E$2:$E$19,$I4) -> 15 | R4: =ROUND($Q4*$N4/100,2) -> 13.05 | S4: =IF($N4>المرجع!$K$3,"متقدم",IF($N4<=المرجع!$K$2,"أولي","جزئي")) -> متقدم | T4: =ROUND($Q4*$O4/100,2) -> 15
A5: TOP-01-DESIGN-ORG | B5: TOP-01 | C5: =IFERROR(INDEX('قائمة الوحدات'!$B$2:$B$41,MATCH($B5,'قائمة الوحدات'!$A$2:$A$41,0)),"") -> TOP | D5: =IFERROR(INDEX('قائمة الوحدات'!$C$2:$C$41,MATCH($B5,'قائمة الوحدات'!$A$2:$A$41,0)),"") -> المرتبطة بسمو الوزير | E5: =IFERROR(INDEX('قائمة الوحدات'!$D$2:$D$41,MATCH($B5,'قائمة الوحدات'!$A$2:$A$41,0)),"") -> المكتب التنفيذي | F5: =IFERROR(INDEX('قائمة الوحدات'!$F$2:$F$41,MATCH($B5,'قائمة الوحدات'!$A$2:$A$41,0)),"") -> المكتب التنفيذي | G5: DESIGN | H5: =IFERROR(INDEX(المرجع!$A$2:$A$19,MATCH($G5,المرجع!$B$2:$B$19,0)),"") -> التصميم | I5: ORG | J5: =IFERROR(INDEX(المرجع!$D$2:$D$19,MATCH($I5,المرجع!$E$2:$E$19,0)),"") -> التنظيم | K5: =IFERROR(INDEX(المرجع!$F$2:$F$19,MATCH($I5,المرجع!$E$2:$E$19,0)),"") -> 4 | L5: =SUMIFS(المرجع!$H$2:$H$19,المرجع!$B$2:$B$19,$G5,المرجع!$E$2:$E$19,$I5) -> 1 | M5: =COUNTIFS('المرتبطة بسمو الوزير'!$B$2:$B$151,$B5,'المرتبطة بسمو الوزير'!$G$2:$G$151,$G5,'المرتبطة بسمو الوزير'!$I$2:$I$151,$I5,'المرتبطة بسمو الوزير'!$M$2:$M$151,"<>")+COUNTIFS('الشؤون التنفيذية'!$B$2:$B$421,$B5,'الشؤون التنفيذية'!$G$2:$G$421,$G5,'الشؤون التنفيذية'!$I$2:$I$421,$I5,'الشؤون التنفيذية'!$N$2:$N$421,"<>")+COUNTIFS('الجهاز العسكري'!$B$2:$B$631,$B5,'الجهاز العسكري'!$G$2:$G$631,$G5,'الجهاز العسكري'!$I$2:$I$631,$I5,'الجهاز العسكري'!$M$2:$M$631,"<>") -> 1 | N5: =IF($L5=0,0,ROUND((SUMIFS('المرتبطة بسمو الوزير'!$M$2:$M$151,'المرتبطة بسمو الوزير'!$B$2:$B$151,$B5,'المرتبطة بسمو الوزير'!$G$2:$G$151,$G5,'المرتبطة بسمو الوزير'!$I$2:$I$151,$I5)+SUMIFS('الشؤون التنفيذية'!$N$2:$N$421,'الشؤون التنفيذية'!$B$2:$B$421,$B5,'الشؤون التنفيذية'!$G$2:$G$421,$G5,'الشؤون التنفيذية'!$I$2:$I$421,$I5)+SUMIFS('الجهاز العسكري'!$M$2:$M$631,'الجهاز العسكري'!$B$2:$B$631,$B5,'الجهاز العسكري'!$G$2:$G$631,$G5,'الجهاز العسكري'!$I$2:$I$631,$I5))/$L5,0)) -> 82 | O5: =IF($L5=0,0,ROUND((SUMIFS('المرتبطة بسمو الوزير'!$N$2:$N$151,'المرتبطة بسمو الوزير'!$B$2:$B$151,$B5,'المرتبطة بسمو الوزير'!$G$2:$G$151,$G5,'المرتبطة بسمو الوزير'!$I$2:$I$151,$I5)+SUMIFS('الشؤون التنفيذية'!$O$2:$O$421,'الشؤون التنفيذية'!$B$2:$B$421,$B5,'الشؤون التنفيذية'!$G$2:$G$421,$G5,'الشؤون التنفيذية'!$I$2:$I$421,$I5)+SUMIFS('الجهاز العسكري'!$N$2:$N$631,'الجهاز العسكري'!$B$2:$B$631,$B5,'الجهاز العسكري'!$G$2:$G$631,$G5,'الجهاز العسكري'!$I$2:$I$631,$I5))/$L5,0)) -> 82 | Q5: =SUMIFS(المرجع!$G$2:$G$19,المرجع!$B$2:$B$19,$G5,المرجع!$E$2:$E$19,$I5) -> 20 | R5: =ROUND($Q5*$N5/100,2) -> 16.4 | S5: =IF($N5>المرجع!$K$3,"متقدم",IF($N5<=المرجع!$K$2,"أولي","جزئي")) -> متقدم | T5: =ROUND($Q5*$O5/100,2) -> 16.4
A6: TOP-01-DESIGN-RES | B6: TOP-01 | C6: =IFERROR(INDEX('قائمة الوحدات'!$B$2:$B$41,MATCH($B6,'قائمة الوحدات'!$A$2:$A$41,0)),"") -> TOP | D6: =IFERROR(INDEX('قائمة الوحدات'!$C$2:$C$41,MATCH($B6,'قائمة الوحدات'!$A$2:$A$41,0)),"") -> المرتبطة بسمو الوزير | E6: =IFERROR(INDEX('قائمة الوحدات'!$D$2:$D$41,MATCH($B6,'قائمة الوحدات'!$A$2:$A$41,0)),"") -> المكتب التنفيذي | F6: =IFERROR(INDEX('قائمة الوحدات'!$F$2:$F$41,MATCH($B6,'قائمة الوحدات'!$A$2:$A$41,0)),"") -> المكتب التنفيذي | G6: DESIGN | H6: =IFERROR(INDEX(المرجع!$A$2:$A$19,MATCH($G6,المرجع!$B$2:$B$19,0)),"") -> التصميم | I6: RES | J6: =IFERROR(INDEX(المرجع!$D$2:$D$19,MATCH($I6,المرجع!$E$2:$E$19,0)),"") -> الموارد | K6: =IFERROR(INDEX(المرجع!$F$2:$F$19,MATCH($I6,المرجع!$E$2:$E$19,0)),"") -> 5 | L6: =SUMIFS(المرجع!$H$2:$H$19,المرجع!$B$2:$B$19,$G6,المرجع!$E$2:$E$19,$I6) -> 1 | M6: =COUNTIFS('المرتبطة بسمو الوزير'!$B$2:$B$151,$B6,'المرتبطة بسمو الوزير'!$G$2:$G$151,$G6,'المرتبطة بسمو الوزير'!$I$2:$I$151,$I6,'المرتبطة بسمو الوزير'!$M$2:$M$151,"<>")+COUNTIFS('الشؤون التنفيذية'!$B$2:$B$421,$B6,'الشؤون التنفيذية'!$G$2:$G$421,$G6,'الشؤون التنفيذية'!$I$2:$I$421,$I6,'الشؤون التنفيذية'!$N$2:$N$421,"<>")+COUNTIFS('الجهاز العسكري'!$B$2:$B$631,$B6,'الجهاز العسكري'!$G$2:$G$631,$G6,'الجهاز العسكري'!$I$2:$I$631,$I6,'الجهاز العسكري'!$M$2:$M$631,"<>") -> 1 | N6: =IF($L6=0,0,ROUND((SUMIFS('المرتبطة بسمو الوزير'!$M$2:$M$151,'المرتبطة بسمو الوزير'!$B$2:$B$151,$B6,'المرتبطة بسمو الوزير'!$G$2:$G$151,$G6,'المرتبطة بسمو الوزير'!$I$2:$I$151,$I6)+SUMIFS('الشؤون التنفيذية'!$N$2:$N$421,'الشؤون التنفيذية'!$B$2:$B$421,$B6,'الشؤون التنفيذية'!$G$2:$G$421,$G6,'الشؤون التنفيذية'!$I$2:$I$421,$I6)+SUMIFS('الجهاز العسكري'!$M$2:$M$631,'الجهاز العسكري'!$B$2:$B$631,$B6,'الجهاز العسكري'!$G$2:$G$631,$G6,'الجهاز العسكري'!$I$2:$I$631,$I6))/$L6,0)) -> 96 | O6: =IF($L6=0,0,ROUND((SUMIFS('المرتبطة بسمو الوزير'!$N$2:$N$151,'المرتبطة بسمو الوزير'!$B$2:$B$151,$B6,'المرتبطة بسمو الوزير'!$G$2:$G$151,$G6,'المرتبطة بسمو الوزير'!$I$2:$I$151,$I6)+SUMIFS('الشؤون التنفيذية'!$O$2:$O$421,'الشؤون التنفيذية'!$B$2:$B$421,$B6,'الشؤون التنفيذية'!$G$2:$G$421,$G6,'الشؤون التنفيذية'!$I$2:$I$421,$I6)+SUMIFS('الجهاز العسكري'!$N$2:$N$631,'الجهاز العسكري'!$B$2:$B$631,$B6,'الجهاز العسكري'!$G$2:$G$631,$G6,'الجهاز العسكري'!$I$2:$I$631,$I6))/$L6,0)) -> 96 | Q6: =SUMIFS(المرجع!$G$2:$G$19,المرجع!$B$2:$B$19,$G6,المرجع!$E$2:$E$19,$I6) -> 20 | R6: =ROUND($Q6*$N6/100,2) -> 19.2 | S6: =IF($N6>المرجع!$K$3,"متقدم",IF($N6<=المرجع!$K$2,"أولي","جزئي")) -> متقدم | T6: =ROUND($Q6*$O6/100,2) -> 19.2
A7: TOP-01-DESIGN-PROC | B7: TOP-01 | C7: =IFERROR(INDEX('قائمة الوحدات'!$B$2:$B$41,MATCH($B7,'قائمة الوحدات'!$A$2:$A$41,0)),"") -> TOP | D7: =IFERROR(INDEX('قائمة الوحدات'!$C$2:$C$41,MATCH($B7,'قائمة الوحدات'!$A$2:$A$41,0)),"") -> المرتبطة بسمو الوزير | E7: =IFERROR(INDEX('قائمة الوحدات'!$D$2:$D$41,MATCH($B7,'قائمة الوحدات'!$A$2:$A$41,0)),"") -> المكتب التنفيذي | F7: =IFERROR(INDEX('قائمة الوحدات'!$F$2:$F$41,MATCH($B7,'قائمة الوحدات'!$A$2:$A$41,0)),"") -> المكتب التنفيذي | G7: DESIGN | H7: =IFERROR(INDEX(المرجع!$A$2:$A$19,MATCH($G7,المرجع!$B$2:$B$19,0)),"") -> التصميم | I7: PROC | J7: =IFERROR(INDEX(المرجع!$D$2:$D$19,MATCH($I7,المرجع!$E$2:$E$19,0)),"") -> الإجراءات | K7: =IFERROR(INDEX(المرجع!$F$2:$F$19,MATCH($I7,المرجع!$E$2:$E$19,0)),"") -> 6 | L7: =SUMIFS(المرجع!$H$2:$H$19,المرجع!$B$2:$B$19,$G7,المرجع!$E$2:$E$19,$I7) -> 1 | M7: =COUNTIFS('المرتبطة بسمو الوزير'!$B$2:$B$151,$B7,'المرتبطة بسمو الوزير'!$G$2:$G$151,$G7,'المرتبطة بسمو الوزير'!$I$2:$I$151,$I7,'المرتبطة بسمو الوزير'!$M$2:$M$151,"<>")+COUNTIFS('الشؤون التنفيذية'!$B$2:$B$421,$B7,'الشؤون التنفيذية'!$G$2:$G$421,$G7,'الشؤون التنفيذية'!$I$2:$I$421,$I7,'الشؤون التنفيذية'!$N$2:$N$421,"<>")+COUNTIFS('الجهاز العسكري'!$B$2:$B$631,$B7,'الجهاز العسكري'!$G$2:$G$631,$G7,'الجهاز العسكري'!$I$2:$I$631,$I7,'الجهاز العسكري'!$M$2:$M$631,"<>") -> 1 | N7: =IF($L7=0,0,ROUND((SUMIFS('المرتبطة بسمو الوزير'!$M$2:$M$151,'المرتبطة بسمو الوزير'!$B$2:$B$151,$B7,'المرتبطة بسمو الوزير'!$G$2:$G$151,$G7,'المرتبطة بسمو الوزير'!$I$2:$I$151,$I7)+SUMIFS('الشؤون التنفيذية'!$N$2:$N$421,'الشؤون التنفيذية'!$B$2:$B$421,$B7,'الشؤون التنفيذية'!$G$2:$G$421,$G7,'الشؤون التنفيذية'!$I$2:$I$421,$I7)+SUMIFS('الجهاز العسكري'!$M$2:$M$631,'الجهاز العسكري'!$B$2:$B$631,$B7,'الجهاز العسكري'!$G$2:$G$631,$G7,'الجهاز العسكري'!$I$2:$I$631,$I7))/$L7,0)) -> 75 | O7: =IF($L7=0,0,ROUND((SUMIFS('المرتبطة بسمو الوزير'!$N$2:$N$151,'المرتبطة بسمو الوزير'!$B$2:$B$151,$B7,'المرتبطة بسمو الوزير'!$G$2:$G$151,$G7,'المرتبطة بسمو الوزير'!$I$2:$I$151,$I7)+SUMIFS('الشؤون التنفيذية'!$O$2:$O$421,'الشؤون التنفيذية'!$B$2:$B$421,$B7,'الشؤون التنفيذية'!$G$2:$G$421,$G7,'الشؤون التنفيذية'!$I$2:$I$421,$I7)+SUMIFS('الجهاز العسكري'!$N$2:$N$631,'الجهاز العسكري'!$B$2:$B$631,$B7,'الجهاز العسكري'!$G$2:$G$631,$G7,'الجهاز العسكري'!$I$2:$I$631,$I7))/$L7,0)) -> 100 | Q7: =SUMIFS(المرجع!$G$2:$G$19,المرجع!$B$2:$B$19,$G7,المرجع!$E$2:$E$19,$I7) -> 5 | R7: =ROUND($Q7*$N7/100,2) -> 3.75 | S7: =IF($N7>المرجع!$K$3,"متقدم",IF($N7<=المرجع!$K$2,"أولي","جزئي")) -> متقدم | T7: =ROUND($Q7*$O7/100,2) -> 5
A8: TOP-01-BUILD-ROLE | B8: TOP-01 | C8: =IFERROR(INDEX('قائمة الوحدات'!$B$2:$B$41,MATCH($B8,'قائمة الوحدات'!$A$2:$A$41,0)),"") -> TOP | D8: =IFERROR(INDEX('قائمة الوحدات'!$C$2:$C$41,MATCH($B8,'قائمة الوحدات'!$A$2:$A$41,0)),"") -> المرتبطة بسمو الوزير | E8: =IFERROR(INDEX('قائمة الوحدات'!$D$2:$D$41,MATCH($B8,'قائمة الوحدات'!$A$2:$A$41,0)),"") -> المكتب التنفيذي | F8: =IFERROR(INDEX('قائمة الوحدات'!$F$2:$F$41,MATCH($B8,'قائمة الوحدات'!$A$2:$A$41,0)),"") -> المكتب التنفيذي | G8: BUILD | H8: =IFERROR(INDEX(المرجع!$A$2:$A$19,MATCH($G8,المرجع!$B$2:$B$19,0)),"") -> البناء المؤسسي | I8: ROLE | J8: =IFERROR(INDEX(المرجع!$D$2:$D$19,MATCH($I8,المرجع!$E$2:$E$19,0)),"") -> الدور | K8: =IFERROR(INDEX(المرجع!$F$2:$F$19,MATCH($I8,المرجع!$E$2:$E$19,0)),"") -> 1 | L8: =SUMIFS(المرجع!$H$2:$H$19,المرجع!$B$2:$B$19,$G8,المرجع!$E$2:$E$19,$I8) -> 1 | M8: =COUNTIFS('المرتبطة بسمو الوزير'!$B$2:$B$151,$B8,'المرتبطة بسمو الوزير'!$G$2:$G$151,$G8,'المرتبطة بسمو الوزير'!$I$2:$I$151,$I8,'المرتبطة بسمو الوزير'!$M$2:$M$151,"<>")+COUNTIFS('الشؤون التنفيذية'!$B$2:$B$421,$B8,'الشؤون التنفيذية'!$G$2:$G$421,$G8,'الشؤون التنفيذية'!$I$2:$I$421,$I8,'الشؤون التنفيذية'!$N$2:$N$421,"<>")+COUNTIFS('الجهاز العسكري'!$B$2:$B$631,$B8,'الجهاز العسكري'!$G$2:$G$631,$G8,'الجهاز العسكري'!$I$2:$I$631,$I8,'الجهاز العسكري'!$M$2:$M$631,"<>") -> 1 | N8: =IF($L8=0,0,ROUND((SUMIFS('المرتبطة بسمو الوزير'!$M$2:$M$151,'المرتبطة بسمو الوزير'!$B$2:$B$151,$B8,'المرتبطة بسمو الوزير'!$G$2:$G$151,$G8,'المرتبطة بسمو الوزير'!$I$2:$I$151,$I8)+SUMIFS('الشؤون التنفيذية'!$N$2:$N$421,'الشؤون التنفيذية'!$B$2:$B$421,$B8,'الشؤون التنفيذية'!$G$2:$G$421,$G8,'الشؤون التنفيذية'!$I$2:$I$421,$I8)+SUMIFS('الجهاز العسكري'!$M$2:$M$631,'الجهاز العسكري'!$B$2:$B$631,$B8,'الجهاز العسكري'!$G$2:$G$631,$G8,'الجهاز العسكري'!$I$2:$I$631,$I8))/$L8,0)) -> 55 | O8: =IF($L8=0,0,ROUND((SUMIFS('المرتبطة بسمو الوزير'!$N$2:$N$151,'المرتبطة بسمو الوزير'!$B$2:$B$151,$B8,'المرتبطة بسمو الوزير'!$G$2:$G$151,$G8,'المرتبطة بسمو الوزير'!$I$2:$I$151,$I8)+SUMIFS('الشؤون التنفيذية'!$O$2:$O$421,'الشؤون التنفيذية'!$B$2:$B$421,$B8,'الشؤون التنفيذية'!$G$2:$G$421,$G8,'الشؤون التنفيذية'!$I$2:$I$421,$I8)+SUMIFS('الجهاز العسكري'!$N$2:$N$631,'الجهاز العسكري'!$B$2:$B$631,$B8,'الجهاز العسكري'!$G$2:$G$631,$G8,'الجهاز العسكري'!$I$2:$I$631,$I8))/$L8,0)) -> 100 | Q8: =SUMIFS(المرجع!$G$2:$G$19,المرجع!$B$2:$B$19,$G8,المرجع!$E$2:$E$19,$I8) -> 15 | R8: =ROUND($Q8*$N8/100,2) -> 8.25 | S8: =IF($N8>المرجع!$K$3,"متقدم",IF($N8<=المرجع!$K$2,"أولي","جزئي")) -> جزئي | T8: =ROUND($Q8*$O8/100,2) -> 15
A9: TOP-01-BUILD-KPI | B9: TOP-01 | C9: =IFERROR(INDEX('قائمة الوحدات'!$B$2:$B$41,MATCH($B9,'قائمة الوحدات'!$A$2:$A$41,0)),"") -> TOP | D9: =IFERROR(INDEX('قائمة الوحدات'!$C$2:$C$41,MATCH($B9,'قائمة الوحدات'!$A$2:$A$41,0)),"") -> المرتبطة بسمو الوزير | E9: =IFERROR(INDEX('قائمة الوحدات'!$D$2:$D$41,MATCH($B9,'قائمة الوحدات'!$A$2:$A$41,0)),"") -> المكتب التنفيذي | F9: =IFERROR(INDEX('قائمة الوحدات'!$F$2:$F$41,MATCH($B9,'قائمة الوحدات'!$A$2:$A$41,0)),"") -> المكتب التنفيذي | G9: BUILD | H9: =IFERROR(INDEX(المرجع!$A$2:$A$19,MATCH($G9,المرجع!$B$2:$B$19,0)),"") -> البناء المؤسسي | I9: KPI | J9: =IFERROR(INDEX(المرجع!$D$2:$D$19,MATCH($I9,المرجع!$E$2:$E$19,0)),"") -> الأهداف ومؤشرات الأداء | K9: =IFERROR(INDEX(المرجع!$F$2:$F$19,MATCH($I9,المرجع!$E$2:$E$19,0)),"") -> 2 | L9: =SUMIFS(المرجع!$H$2:$H$19,المرجع!$B$2:$B$19,$G9,المرجع!$E$2:$E$19,$I9) -> 2 | M9: =COUNTIFS('المرتبطة بسمو الوزير'!$B$2:$B$151,$B9,'المرتبطة بسمو الوزير'!$G$2:$G$151,$G9,'المرتبطة بسمو الوزير'!$I$2:$I$151,$I9,'المرتبطة بسمو الوزير'!$M$2:$M$151,"<>")+COUNTIFS('الشؤون التنفيذية'!$B$2:$B$421,$B9,'الشؤون التنفيذية'!$G$2:$G$421,$G9,'الشؤون التنفيذية'!$I$2:$I$421,$I9,'الشؤون التنفيذية'!$N$2:$N$421,"<>")+COUNTIFS('الجهاز العسكري'!$B$2:$B$631,$B9,'الجهاز العسكري'!$G$2:$G$631,$G9,'الجهاز العسكري'!$I$2:$I$631,$I9,'الجهاز العسكري'!$M$2:$M$631,"<>") -> 2 | N9: =IF($L9=0,0,ROUND((SUMIFS('المرتبطة بسمو الوزير'!$M$2:$M$151,'المرتبطة بسمو الوزير'!$B$2:$B$151,$B9,'المرتبطة بسمو الوزير'!$G$2:$G$151,$G9,'المرتبطة بسمو الوزير'!$I$2:$I$151,$I9)+SUMIFS('الشؤون التنفيذية'!$N$2:$N$421,'الشؤون التنفيذية'!$B$2:$B$421,$B9,'الشؤون التنفيذية'!$G$2:$G$421,$G9,'الشؤون التنفيذية'!$I$2:$I$421,$I9)+SUMIFS('الجهاز العسكري'!$M$2:$M$631,'الجهاز العسكري'!$B$2:$B$631,$B9,'الجهاز العسكري'!$G$2:$G$631,$G9,'الجهاز العسكري'!$I$2:$I$631,$I9))/$L9,0)) -> 75 | O9: =IF($L9=0,0,ROUND((SUMIFS('المرتبطة بسمو الوزير'!$N$2:$N$151,'المرتبطة بسمو الوزير'!$B$2:$B$151,$B9,'المرتبطة بسمو الوزير'!$G$2:$G$151,$G9,'المرتبطة بسمو الوزير'!$I$2:$I$151,$I9)+SUMIFS('الشؤون التنفيذية'!$O$2:$O$421,'الشؤون التنفيذية'!$B$2:$B$421,$B9,'الشؤون التنفيذية'!$G$2:$G$421,$G9,'الشؤون التنفيذية'!$I$2:$I$421,$I9)+SUMIFS('الجهاز العسكري'!$N$2:$N$631,'الجهاز العسكري'!$B$2:$B$631,$B9,'الجهاز العسكري'!$G$2:$G$631,$G9,'الجهاز العسكري'!$I$2:$I$631,$I9))/$L9,0)) -> 85 | Q9: =SUMIFS(المرجع!$G$2:$G$19,المرجع!$B$2:$B$19,$G9,المرجع!$E$2:$E$19,$I9) -> 15 | R9: =ROUND($Q9*$N9/100,2) -> 11.25 | S9: =IF($N9>المرجع!$K$3,"متقدم",IF($N9<=المرجع!$K$2,"أولي","جزئي")) -> متقدم | T9: =ROUND($Q9*$O9/100,2) -> 12.75
A10: TOP-01-BUILD-GOV | B10: TOP-01 | C10: =IFERROR(INDEX('قائمة الوحدات'!$B$2:$B$41,MATCH($B10,'قائمة الوحدات'!$A$2:$A$41,0)),"") -> TOP | D10: =IFERROR(INDEX('قائمة الوحدات'!$C$2:$C$41,MATCH($B10,'قائمة الوحدات'!$A$2:$A$41,0)),"") -> المرتبطة بسمو الوزير | E10: =IFERROR(INDEX('قائمة الوحدات'!$D$2:$D$41,MATCH($B10,'قائمة الوحدات'!$A$2:$A$41,0)),"") -> المكتب التنفيذي | F10: =IFERROR(INDEX('قائمة الوحدات'!$F$2:$F$41,MATCH($B10,'قائمة الوحدات'!$A$2:$A$41,0)),"") -> المكتب التنفيذي | G10: BUILD | H10: =IFERROR(INDEX(المرجع!$A$2:$A$19,MATCH($G10,المرجع!$B$2:$B$19,0)),"") -> البناء المؤسسي | I10: GOV | J10: =IFERROR(INDEX(المرجع!$D$2:$D$19,MATCH($I10,المرجع!$E$2:$E$19,0)),"") -> الحوكمة | K10: =IFERROR(INDEX(المرجع!$F$2:$F$19,MATCH($I10,المرجع!$E$2:$E$19,0)),"") -> 3 | L10: =SUMIFS(المرجع!$H$2:$H$19,المرجع!$B$2:$B$19,$G10,المرجع!$E$2:$E$19,$I10) -> 3 | M10: =COUNTIFS('المرتبطة بسمو الوزير'!$B$2:$B$151,$B10,'المرتبطة بسمو الوزير'!$G$2:$G$151,$G10,'المرتبطة بسمو الوزير'!$I$2:$I$151,$I10,'المرتبطة بسمو الوزير'!$M$2:$M$151,"<>")+COUNTIFS('الشؤون التنفيذية'!$B$2:$B$421,$B10,'الشؤون التنفيذية'!$G$2:$G$421,$G10,'الشؤون التنفيذية'!$I$2:$I$421,$I10,'الشؤون التنفيذية'!$N$2:$N$421,"<>")+COUNTIFS('الجهاز العسكري'!$B$2:$B$631,$B10,'الجهاز العسكري'!$G$2:$G$631,$G10,'الجهاز العسكري'!$I$2:$I$631,$I10,'الجهاز العسكري'!$M$2:$M$631,"<>") -> 3 | N10: =IF($L10=0,0,ROUND((SUMIFS('المرتبطة بسمو الوزير'!$M$2:$M$151,'المرتبطة بسمو الوزير'!$B$2:$B$151,$B10,'المرتبطة بسمو الوزير'!$G$2:$G$151,$G10,'المرتبطة بسمو الوزير'!$I$2:$I$151,$I10)+SUMIFS('الشؤون التنفيذية'!$N$2:$N$421,'الشؤون التنفيذية'!$B$2:$B$421,$B10,'الشؤون التنفيذية'!$G$2:$G$421,$G10,'الشؤون التنفيذية'!$I$2:$I$421,$I10)+SUMIFS('الجهاز العسكري'!$M$2:$M$631,'الجهاز العسكري'!$B$2:$B$631,$B10,'الجهاز العسكري'!$G$2:$G$631,$G10,'الجهاز العسكري'!$I$2:$I$631,$I10))/$L10,0)) -> 78 | O10: =IF($L10=0,0,ROUND((SUMIFS('المرتبطة بسمو الوزير'!$N$2:$N$151,'المرتبطة بسمو الوزير'!$B$2:$B$151,$B10,'المرتبطة بسمو الوزير'!$G$2:$G$151,$G10,'المرتبطة بسمو الوزير'!$I$2:$I$151,$I10)+SUMIFS('الشؤون التنفيذية'!$O$2:$O$421,'الشؤون التنفيذية'!$B$2:$B$421,$B10,'الشؤون التنفيذية'!$G$2:$G$421,$G10,'الشؤون التنفيذية'!$I$2:$I$421,$I10)+SUMIFS('الجهاز العسكري'!$N$2:$N$631,'الجهاز العسكري'!$B$2:$B$631,$B10,'الجهاز العسكري'!$G$2:$G$631,$G10,'الجهاز العسكري'!$I$2:$I$631,$I10))/$L10,0)) -> 93 | Q10: =SUMIFS(المرجع!$G$2:$G$19,المرجع!$B$2:$B$19,$G10,المرجع!$E$2:$E$19,$I10) -> 15 | R10: =ROUND($Q10*$N10/100,2) -> 11.7 | S10: =IF($N10>المرجع!$K$3,"متقدم",IF($N10<=المرجع!$K$2,"أولي","جزئي")) -> متقدم | T10: =ROUND($Q10*$O10/100,2) -> 13.95
A11: TOP-01-BUILD-ORG | B11: TOP-01 | C11: =IFERROR(INDEX('قائمة الوحدات'!$B$2:$B$41,MATCH($B11,'قائمة الوحدات'!$A$2:$A$41,0)),"") -> TOP | D11: =IFERROR(INDEX('قائمة الوحدات'!$C$2:$C$41,MATCH($B11,'قائمة الوحدات'!$A$2:$A$41,0)),"") -> المرتبطة بسمو الوزير | E11: =IFERROR(INDEX('قائمة الوحدات'!$D$2:$D$41,MATCH($B11,'قائمة الوحدات'!$A$2:$A$41,0)),"") -> المكتب التنفيذي | F11: =IFERROR(INDEX('قائمة الوحدات'!$F$2:$F$41,MATCH($B11,'قائمة الوحدات'!$A$2:$A$41,0)),"") -> المكتب التنفيذي | G11: BUILD | H11: =IFERROR(INDEX(المرجع!$A$2:$A$19,MATCH($G11,المرجع!$B$2:$B$19,0)),"") -> البناء المؤسسي | I11: ORG | J11: =IFERROR(INDEX(المرجع!$D$2:$D$19,MATCH($I11,المرجع!$E$2:$E$19,0)),"") -> التنظيم | K11: =IFERROR(INDEX(المرجع!$F$2:$F$19,MATCH($I11,المرجع!$E$2:$E$19,0)),"") -> 4 | L11: =SUMIFS(المرجع!$H$2:$H$19,المرجع!$B$2:$B$19,$G11,المرجع!$E$2:$E$19,$I11) -> 3 | M11: =COUNTIFS('المرتبطة بسمو الوزير'!$B$2:$B$151,$B11,'المرتبطة بسمو الوزير'!$G$2:$G$151,$G11,'المرتبطة بسمو الوزير'!$I$2:$I$151,$I11,'المرتبطة بسمو الوزير'!$M$2:$M$151,"<>")+COUNTIFS('الشؤون التنفيذية'!$B$2:$B$421,$B11,'الشؤون التنفيذية'!$G$2:$G$421,$G11,'الشؤون التنفيذية'!$I$2:$I$421,$I11,'الشؤون التنفيذية'!$N$2:$N$421,"<>")+COUNTIFS('الجهاز العسكري'!$B$2:$B$631,$B11,'الجهاز العسكري'!$G$2:$G$631,$G11,'الجهاز العسكري'!$I$2:$I$631,$I11,'الجهاز العسكري'!$M$2:$M$631,"<>") -> 3 | N11: =IF($L11=0,0,ROUND((SUMIFS('المرتبطة بسمو الوزير'!$M$2:$M$151,'المرتبطة بسمو الوزير'!$B$2:$B$151,$B11,'المرتبطة بسمو الوزير'!$G$2:$G$151,$G11,'المرتبطة بسمو الوزير'!$I$2:$I$151,$I11)+SUMIFS('الشؤون التنفيذية'!$N$2:$N$421,'الشؤون التنفيذية'!$B$2:$B$421,$B11,'الشؤون التنفيذية'!$G$2:$G$421,$G11,'الشؤون التنفيذية'!$I$2:$I$421,$I11)+SUMIFS('الجهاز العسكري'!$M$2:$M$631,'الجهاز العسكري'!$B$2:$B$631,$B11,'الجهاز العسكري'!$G$2:$G$631,$G11,'الجهاز العسكري'!$I$2:$I$631,$I11))/$L11,0)) -> 77 | O11: =IF($L11=0,0,ROUND((SUMIFS('المرتبطة بسمو الوزير'!$N$2:$N$151,'المرتبطة بسمو الوزير'!$B$2:$B$151,$B11,'المرتبطة بسمو الوزير'!$G$2:$G$151,$G11,'المرتبطة بسمو الوزير'!$I$2:$I$151,$I11)+SUMIFS('الشؤون التنفيذية'!$O$2:$O$421,'الشؤون التنفيذية'!$B$2:$B$421,$B11,'الشؤون التنفيذية'!$G$2:$G$421,$G11,'الشؤون التنفيذية'!$I$2:$I$421,$I11)+SUMIFS('الجهاز العسكري'!$N$2:$N$631,'الجهاز العسكري'!$B$2:$B$631,$B11,'الجهاز العسكري'!$G$2:$G$631,$G11,'الجهاز العسكري'!$I$2:$I$631,$I11))/$L11,0)) -> 82 | Q11: =SUMIFS(المرجع!$G$2:$G$19,المرجع!$B$2:$B$19,$G11,المرجع!$E$2:$E$19,$I11) -> 20 | R11: =ROUND($Q11*$N11/100,2) -> 15.4 | S11: =IF($N11>المرجع!$K$3,"متقدم",IF($N11<=المرجع!$K$2,"أولي","جزئي")) -> متقدم | T11: =ROUND($Q11*$O11/100,2) -> 16.4
A12: TOP-01-BUILD-RES | B12: TOP-01 | C12: =IFERROR(INDEX('قائمة الوحدات'!$B$2:$B$41,MATCH($B12,'قائمة الوحدات'!$A$2:$A$41,0)),"") -> TOP | D12: =IFERROR(INDEX('قائمة الوحدات'!$C$2:$C$41,MATCH($B12,'قائمة الوحدات'!$A$2:$A$41,0)),"") -> المرتبطة بسمو الوزير | E12: =IFERROR(INDEX('قائمة الوحدات'!$D$2:$D$41,MATCH($B12,'قائمة الوحدات'!$A$2:$A$41,0)),"") -> المكتب التنفيذي | F12: =IFERROR(INDEX('قائمة الوحدات'!$F$2:$F$41,MATCH($B12,'قائمة الوحدات'!$A$2:$A$41,0)),"") -> المكتب التنفيذي | G12: BUILD | H12: =IFERROR(INDEX(المرجع!$A$2:$A$19,MATCH($G12,المرجع!$B$2:$B$19,0)),"") -> البناء المؤسسي | I12: RES | J12: =IFERROR(INDEX(المرجع!$D$2:$D$19,MATCH($I12,المرجع!$E$2:$E$19,0)),"") -> الموارد | K12: =IFERROR(INDEX(المرجع!$F$2:$F$19,MATCH($I12,المرجع!$E$2:$E$19,0)),"") -> 5 | L12: =SUMIFS(المرجع!$H$2:$H$19,المرجع!$B$2:$B$19,$G12,المرجع!$E$2:$E$19,$I12) -> 4 | M12: =COUNTIFS('المرتبطة بسمو الوزير'!$B$2:$B$151,$B12,'المرتبطة بسمو الوزير'!$G$2:$G$151,$G12,'المرتبطة بسمو الوزير'!$I$2:$I$151,$I12,'المرتبطة بسمو الوزير'!$M$2:$M$151,"<>")+COUNTIFS('الشؤون التنفيذية'!$B$2:$B$421,$B12,'الشؤون التنفيذية'!$G$2:$G$421,$G12,'الشؤون التنفيذية'!$I$2:$I$421,$I12,'الشؤون التنفيذية'!$N$2:$N$421,"<>")+COUNTIFS('الجهاز العسكري'!$B$2:$B$631,$B12,'الجهاز العسكري'!$G$2:$G$631,$G12,'الجهاز العسكري'!$I$2:$I$631,$I12,'الجهاز العسكري'!$M$2:$M$631,"<>") -> 4 | N12: =IF($L12=0,0,ROUND((SUMIFS('المرتبطة بسمو الوزير'!$M$2:$M$151,'المرتبطة بسمو الوزير'!$B$2:$B$151,$B12,'المرتبطة بسمو الوزير'!$G$2:$G$151,$G12,'المرتبطة بسمو الوزير'!$I$2:$I$151,$I12)+SUMIFS('الشؤون التنفيذية'!$N$2:$N$421,'الشؤون التنفيذية'!$B$2:$B$421,$B12,'الشؤون التنفيذية'!$G$2:$G$421,$G12,'الشؤون التنفيذية'!$I$2:$I$421,$I12)+SUMIFS('الجهاز العسكري'!$M$2:$M$631,'الجهاز العسكري'!$B$2:$B$631,$B12,'الجهاز العسكري'!$G$2:$G$631,$G12,'الجهاز العسكري'!$I$2:$I$631,$I12))/$L12,0)) -> 56 | O12: =IF($L12=0,0,ROUND((SUMIFS('المرتبطة بسمو الوزير'!$N$2:$N$151,'المرتبطة بسمو الوزير'!$B$2:$B$151,$B12,'المرتبطة بسمو الوزير'!$G$2:$G$151,$G12,'المرتبطة بسمو الوزير'!$I$2:$I$151,$I12)+SUMIFS('الشؤون التنفيذية'!$O$2:$O$421,'الشؤون التنفيذية'!$B$2:$B$421,$B12,'الشؤون التنفيذية'!$G$2:$G$421,$G12,'الشؤون التنفيذية'!$I$2:$I$421,$I12)+SUMIFS('الجهاز العسكري'!$N$2:$N$631,'الجهاز العسكري'!$B$2:$B$631,$B12,'الجهاز العسكري'!$G$2:$G$631,$G12,'الجهاز العسكري'!$I$2:$I$631,$I12))/$L12,0)) -> 89 | Q12: =SUMIFS(المرجع!$G$2:$G$19,المرجع!$B$2:$B$19,$G12,المرجع!$E$2:$E$19,$I12) -> 25 | R12: =ROUND($Q12*$N12/100,2) -> 14 | S12: =IF($N12>المرجع!$K$3,"متقدم",IF($N12<=المرجع!$K$2,"أولي","جزئي")) -> جزئي | T12: =ROUND($Q12*$O12/100,2) -> 22.25
A13: TOP-01-BUILD-PROC | B13: TOP-01 | C13: =IFERROR(INDEX('قائمة الوحدات'!$B$2:$B$41,MATCH($B13,'قائمة الوحدات'!$A$2:$A$41,0)),"") -> TOP | D13: =IFERROR(INDEX('قائمة الوحدات'!$C$2:$C$41,MATCH($B13,'قائمة الوحدات'!$A$2:$A$41,0)),"") -> المرتبطة بسمو الوزير | E13: =IFERROR(INDEX('قائمة الوحدات'!$D$2:$D$41,MATCH($B13,'قائمة الوحدات'!$A$2:$A$41,0)),"") -> المكتب التنفيذي | F13: =IFERROR(INDEX('قائمة الوحدات'!$F$2:$F$41,MATCH($B13,'قائمة الوحدات'!$A$2:$A$41,0)),"") -> المكتب التنفيذي | G13: BUILD | H13: =IFERROR(INDEX(المرجع!$A$2:$A$19,MATCH($G13,المرجع!$B$2:$B$19,0)),"") -> البناء المؤسسي | I13: PROC | J13: =IFERROR(INDEX(المرجع!$D$2:$D$19,MATCH($I13,المرجع!$E$2:$E$19,0)),"") -> الإجراءات | K13: =IFERROR(INDEX(المرجع!$F$2:$F$19,MATCH($I13,المرجع!$E$2:$E$19,0)),"") -> 6 | L13: =SUMIFS(المرجع!$H$2:$H$19,المرجع!$B$2:$B$19,$G13,المرجع!$E$2:$E$19,$I13) -> 1 | M13: =COUNTIFS('المرتبطة بسمو الوزير'!$B$2:$B$151,$B13,'المرتبطة بسمو الوزير'!$G$2:$G$151,$G13,'المرتبطة بسمو الوزير'!$I$2:$I$151,$I13,'المرتبطة بسمو الوزير'!$M$2:$M$151,"<>")+COUNTIFS('الشؤون التنفيذية'!$B$2:$B$421,$B13,'الشؤون التنفيذية'!$G$2:$G$421,$G13,'الشؤون التنفيذية'!$I$2:$I$421,$I13,'الشؤون التنفيذية'!$N$2:$N$421,"<>")+COUNTIFS('الجهاز العسكري'!$B$2:$B$631,$B13,'الجهاز العسكري'!$G$2:$G$631,$G13,'الجهاز العسكري'!$I$2:$I$631,$I13,'الجهاز العسكري'!$M$2:$M$631,"<>") -> 1 | N13: =IF($L13=0,0,ROUND((SUMIFS('المرتبطة بسمو الوزير'!$M$2:$M$151,'المرتبطة بسمو الوزير'!$B$2:$B$151,$B13,'المرتبطة بسمو الوزير'!$G$2:$G$151,$G13,'المرتبطة بسمو الوزير'!$I$2:$I$151,$I13)+SUMIFS('الشؤون التنفيذية'!$N$2:$N$421,'الشؤون التنفيذية'!$B$2:$B$421,$B13,'الشؤون التنفيذية'!$G$2:$G$421,$G13,'الشؤون التنفيذية'!$I$2:$I$421,$I13)+SUMIFS('الجهاز العسكري'!$M$2:$M$631,'الجهاز العسكري'!$B$2:$B$631,$B13,'الجهاز العسكري'!$G$2:$G$631,$G13,'الجهاز العسكري'!$I$2:$I$631,$I13))/$L13,0)) -> 84 | O13: =IF($L13=0,0,ROUND((SUMIFS('المرتبطة بسمو الوزير'!$N$2:$N$151,'المرتبطة بسمو الوزير'!$B$2:$B$151,$B13,'المرتبطة بسمو الوزير'!$G$2:$G$151,$G13,'المرتبطة بسمو الوزير'!$I$2:$I$151,$I13)+SUMIFS('الشؤون التنفيذية'!$O$2:$O$421,'الشؤون التنفيذية'!$B$2:$B$421,$B13,'الشؤون التنفيذية'!$G$2:$G$421,$G13,'الشؤون التنفيذية'!$I$2:$I$421,$I13)+SUMIFS('الجهاز العسكري'!$N$2:$N$631,'الجهاز العسكري'!$B$2:$B$631,$B13,'الجهاز العسكري'!$G$2:$G$631,$G13,'الجهاز العسكري'!$I$2:$I$631,$I13))/$L13,0)) -> 84 | Q13: =SUMIFS(المرجع!$G$2:$G$19,المرجع!$B$2:$B$19,$G13,المرجع!$E$2:$E$19,$I13) -> 5 | R13: =ROUND($Q13*$N13/100,2) -> 4.2 | S13: =IF($N13>المرجع!$K$3,"متقدم",IF($N13<=المرجع!$K$2,"أولي","جزئي")) -> متقدم | T13: =ROUND($Q13*$O13/100,2) -> 4.2
... A721: MIL-21-OPERATE-OUTF | B721: MIL-21 | C721: =IFERROR(INDEX('قائمة الوحدات'!$B$2:$B$41,MATCH($B721,'قائمة الوحدات'!$A$2:$A$41,0)),"") -> MIL | D721: =IFERROR(INDEX('قائمة الوحدات'!$C$2:$C$41,MATCH($B721,'قائمة الوحدات'!$A$2:$A$41,0)),"") -> الجهاز العسكري | E721: =IFERROR(INDEX('قائمة الوحدات'!$D$2:$D$41,MATCH($B721,'قائمة الوحدات'!$A$2:$A$41,0)),"") -> الإدارة العامة للمراسم والتشريفات العسكرية | F721: =IFERROR(INDEX('قائمة الوحدات'!$F$2:$F$41,MATCH($B721,'قائمة الوحدات'!$A$2:$A$41,0)),"") -> الإدارة العامة للمراسم والتشريفات العسكرية | G721: OPERATE | H721: =IFERROR(INDEX(المرجع!$A$2:$A$19,MATCH($G721,المرجع!$B$2:$B$19,0)),"") -> التشغيل | I721: OUTF | J721: =IFERROR(INDEX(المرجع!$D$2:$D$19,MATCH($I721,المرجع!$E$2:$E$19,0)),"") -> اكتمال المخرجات المستهدفة | K721: =IFERROR(INDEX(المرجع!$F$2:$F$19,MATCH($I721,المرجع!$E$2:$E$19,0)),"") -> 8 | L721: =SUMIFS(المرجع!$H$2:$H$19,المرجع!$B$2:$B$19,$G721,المرجع!$E$2:$E$19,$I721) -> 1 | M721: =COUNTIFS('المرتبطة بسمو الوزير'!$B$2:$B$151,$B721,'المرتبطة بسمو الوزير'!$G$2:$G$151,$G721,'المرتبطة بسمو الوزير'!$I$2:$I$151,$I721,'المرتبطة بسمو الوزير'!$M$2:$M$151,"<>")+COUNTIFS('الشؤون التنفيذية'!$B$2:$B$421,$B721,'الشؤون التنفيذية'!$G$2:$G$421,$G721,'الشؤون التنفيذية'!$I$2:$I$421,$I721,'الشؤون التنفيذية'!$N$2:$N$421,"<>")+COUNTIFS('الجهاز العسكري'!$B$2:$B$631,$B721,'الجهاز العسكري'!$G$2:$G$631,$G721,'الجهاز العسكري'!$I$2:$I$631,$I721,'الجهاز العسكري'!$M$2:$M$631,"<>") -> 1 | N721: =IF($L721=0,0,ROUND((SUMIFS('المرتبطة بسمو الوزير'!$M$2:$M$151,'المرتبطة بسمو الوزير'!$B$2:$B$151,$B721,'المرتبطة بسمو الوزير'!$G$2:$G$151,$G721,'المرتبطة بسمو الوزير'!$I$2:$I$151,$I721)+SUMIFS('الشؤون التنفيذية'!$N$2:$N$421,'الشؤون التنفيذية'!$B$2:$B$421,$B721,'الشؤون التنفيذية'!$G$2:$G$421,$G721,'الشؤون التنفيذية'!$I$2:$I$421,$I721)+SUMIFS('الجهاز العسكري'!$M$2:$M$631,'الجهاز العسكري'!$B$2:$B$631,$B721,'الجهاز العسكري'!$G$2:$G$631,$G721,'الجهاز العسكري'!$I$2:$I$631,$I721))/$L721,0)) -> 36 | O721: =IF($L721=0,0,ROUND((SUMIFS('المرتبطة بسمو الوزير'!$N$2:$N$151,'المرتبطة بسمو الوزير'!$B$2:$B$151,$B721,'المرتبطة بسمو الوزير'!$G$2:$G$151,$G721,'المرتبطة بسمو الوزير'!$I$2:$I$151,$I721)+SUMIFS('الشؤون التنفيذية'!$O$2:$O$421,'الشؤون التنفيذية'!$B$2:$B$421,$B721,'الشؤون التنفيذية'!$G$2:$G$421,$G721,'الشؤون التنفيذية'!$I$2:$I$421,$I721)+SUMIFS('الجهاز العسكري'!$N$2:$N$631,'الجهاز العسكري'!$B$2:$B$631,$B721,'الجهاز العسكري'!$G$2:$G$631,$G721,'الجهاز العسكري'!$I$2:$I$631,$I721))/$L721,0)) -> 80 | Q721: =SUMIFS(المرجع!$G$2:$G$19,المرجع!$B$2:$B$19,$G721,المرجع!$E$2:$E$19,$I721) -> 30 | R721: =ROUND($Q721*$N721/100,2) -> 10.8 | S721: =IF($N721>المرجع!$K$3,"متقدم",IF($N721<=المرجع!$K$2,"أولي","جزئي")) -> جزئي | T721: =ROUND($Q721*$O721/100,2) -> 24

Sheet النتائج
A1: كود الوحدة | B1: كود المجموعة | C1: المجموعة | D1: الوحدة التنظيمية الرئيسية | E1: الوحدة التنظيمية الفرعية | F1: كود المرحلة | G1: المرحلة | H1: درجة المرحلة | I1: درجة المرحلة المستهدفة لعام 2026 | J1: التصنيف | K1: النضج النهائي المرجّح % | L1: التصنيف النهائي | M1: النضج النهائي المستهدف لعام 2026 % | N1: التصنيف النهائي المستهدف لعام 2026
A2: TOP-01 | B2: =IFERROR(INDEX('قائمة الوحدات'!$B$2:$B$41,MATCH($A2,'قائمة الوحدات'!$A$2:$A$41,0)),"") -> TOP | C2: =IFERROR(INDEX('قائمة الوحدات'!$C$2:$C$41,MATCH($A2,'قائمة الوحدات'!$A$2:$A$41,0)),"") -> المرتبطة بسمو الوزير | D2: =IFERROR(INDEX('قائمة الوحدات'!$D$2:$D$41,MATCH($A2,'قائمة الوحدات'!$A$2:$A$41,0)),"") -> المكتب التنفيذي | E2: =IFERROR(INDEX('قائمة الوحدات'!$F$2:$F$41,MATCH($A2,'قائمة الوحدات'!$A$2:$A$41,0)),"") -> المكتب التنفيذي | F2: DESIGN | G2: =IFERROR(INDEX(المرجع!$A$2:$A$19,MATCH($F2,المرجع!$B$2:$B$19,0)),"") -> التصميم | H2: =SUMIFS('تقييم العناصر'!$R$2:$R$721,'تقييم العناصر'!$B$2:$B$721,$A2,'تقييم العناصر'!$G$2:$G$721,$F2) -> 75.85 | I2: =SUMIFS('تقييم العناصر'!$T$2:$T$721,'تقييم العناصر'!$B$2:$B$721,$A2,'تقييم العناصر'!$G$2:$G$721,$F2) -> 91.6 | J2: =IF($H2>المرجع!$K$3,"متقدم",IF($H2<=المرجع!$K$2,"أولي","جزئي")) -> متقدم | K2: =ROUND((SUMIFS($H$2:$H$121,$A$2:$A$121,$A2,$F$2:$F$121,"DESIGN")*INDEX(المرجع!$K$9:$K$11,MATCH("DESIGN",المرجع!$L$9:$L$11,0))+SUMIFS($H$2:$H$121,$A$2:$A$121,$A2,$F$2:$F$121,"BUILD")*INDEX(المرجع!$K$9:$K$11,MATCH("BUILD",المرجع!$L$9:$L$11,0))+SUMIFS($H$2:$H$121,$A$2:$A$121,$A2,$F$2:$F$121,"OPERATE")*INDEX(المرجع!$K$9:$K$11,MATCH("OPERATE",المرجع!$L$9:$L$11,0)))/100,1) -> 58.6 | L2: =IF($K2>المرجع!$K$3,"متقدم",IF($K2<=المرجع!$K$2,"أولي","جزئي")) -> جزئي | M2: =ROUND((SUMIFS($I$2:$I$121,$A$2:$A$121,$A2,$F$2:$F$121,"DESIGN")*INDEX(المرجع!$K$9:$K$11,MATCH("DESIGN",المرجع!$L$9:$L$11,0))+SUMIFS($I$2:$I$121,$A$2:$A$121,$A2,$F$2:$F$121,"BUILD")*INDEX(المرجع!$K$9:$K$11,MATCH("BUILD",المرجع!$L$9:$L$11,0))+SUMIFS($I$2:$I$121,$A$2:$A$121,$A2,$F$2:$F$121,"OPERATE")*INDEX(المرجع!$K$9:$K$11,MATCH("OPERATE",المرجع!$L$9:$L$11,0)))/100,1) -> 92 | N2: =IF($M2>المرجع!$K$3,"متقدم",IF($M2<=المرجع!$K$2,"أولي","جزئي")) -> متقدم
A3: TOP-01 | B3: =IFERROR(INDEX('قائمة الوحدات'!$B$2:$B$41,MATCH($A3,'قائمة الوحدات'!$A$2:$A$41,0)),"") -> TOP | C3: =IFERROR(INDEX('قائمة الوحدات'!$C$2:$C$41,MATCH($A3,'قائمة الوحدات'!$A$2:$A$41,0)),"") -> المرتبطة بسمو الوزير | D3: =IFERROR(INDEX('قائمة الوحدات'!$D$2:$D$41,MATCH($A3,'قائمة الوحدات'!$A$2:$A$41,0)),"") -> المكتب التنفيذي | E3: =IFERROR(INDEX('قائمة الوحدات'!$F$2:$F$41,MATCH($A3,'قائمة الوحدات'!$A$2:$A$41,0)),"") -> المكتب التنفيذي | F3: BUILD | G3: =IFERROR(INDEX(المرجع!$A$2:$A$19,MATCH($F3,المرجع!$B$2:$B$19,0)),"") -> البناء المؤسسي | H3: =SUMIFS('تقييم العناصر'!$R$2:$R$721,'تقييم العناصر'!$B$2:$B$721,$A3,'تقييم العناصر'!$G$2:$G$721,$F3) -> 68.85 | I3: =SUMIFS('تقييم العناصر'!$T$2:$T$721,'تقييم العناصر'!$B$2:$B$721,$A3,'تقييم العناصر'!$G$2:$G$721,$F3) -> 89.55 | J3: =IF($H3>المرجع!$K$3,"متقدم",IF($H3<=المرجع!$K$2,"أولي","جزئي")) -> جزئي | K3: =ROUND((SUMIFS($H$2:$H$121,$A$2:$A$121,$A3,$F$2:$F$121,"DESIGN")*INDEX(المرجع!$K$9:$K$11,MATCH("DESIGN",المرجع!$L$9:$L$11,0))+SUMIFS($H$2:$H$121,$A$2:$A$121,$A3,$F$2:$F$121,"BUILD")*INDEX(المرجع!$K$9:$K$11,MATCH("BUILD",المرجع!$L$9:$L$11,0))+SUMIFS($H$2:$H$121,$A$2:$A$121,$A3,$F$2:$F$121,"OPERATE")*INDEX(المرجع!$K$9:$K$11,MATCH("OPERATE",المرجع!$L$9:$L$11,0)))/100,1) -> 58.6 | L3: =IF($K3>المرجع!$K$3,"متقدم",IF($K3<=المرجع!$K$2,"أولي","جزئي")) -> جزئي | M3: =ROUND((SUMIFS($I$2:$I$121,$A$2:$A$121,$A3,$F$2:$F$121,"DESIGN")*INDEX(المرجع!$K$9:$K$11,MATCH("DESIGN",المرجع!$L$9:$L$11,0))+SUMIFS($I$2:$I$121,$A$2:$A$121,$A3,$F$2:$F$121,"BUILD")*INDEX(المرجع!$K$9:$K$11,MATCH("BUILD",المرجع!$L$9:$L$11,0))+SUMIFS($I$2:$I$121,$A$2:$A$121,$A3,$F$2:$F$121,"OPERATE")*INDEX(المرجع!$K$9:$K$11,MATCH("OPERATE",المرجع!$L$9:$L$11,0)))/100,1) -> 92 | N3: =IF($M3>المرجع!$K$3,"متقدم",IF($M3<=المرجع!$K$2,"أولي","جزئي")) -> متقدم
A4: TOP-01 | B4: =IFERROR(INDEX('قائمة الوحدات'!$B$2:$B$41,MATCH($A4,'قائمة الوحدات'!$A$2:$A$41,0)),"") -> TOP | C4: =IFERROR(INDEX('قائمة الوحدات'!$C$2:$C$41,MATCH($A4,'قائمة الوحدات'!$A$2:$A$41,0)),"") -> المرتبطة بسمو الوزير | D4: =IFERROR(INDEX('قائمة الوحدات'!$D$2:$D$41,MATCH($A4,'قائمة الوحدات'!$A$2:$A$41,0)),"") -> المكتب التنفيذي | E4: =IFERROR(INDEX('قائمة الوحدات'!$F$2:$F$41,MATCH($A4,'قائمة الوحدات'!$A$2:$A$41,0)),"") -> المكتب التنفيذي | F4: OPERATE | G4: =IFERROR(INDEX(المرجع!$A$2:$A$19,MATCH($F4,المرجع!$B$2:$B$19,0)),"") -> التشغيل | H4: =SUMIFS('تقييم العناصر'!$R$2:$R$721,'تقييم العناصر'!$B$2:$B$721,$A4,'تقييم العناصر'!$G$2:$G$721,$F4) -> 45.55 | I4: =SUMIFS('تقييم العناصر'!$T$2:$T$721,'تقييم العناصر'!$B$2:$B$721,$A4,'تقييم العناصر'!$G$2:$G$721,$F4) -> 93.7 | J4: =IF($H4>المرجع!$K$3,"متقدم",IF($H4<=المرجع!$K$2,"أولي","جزئي")) -> جزئي | K4: =ROUND((SUMIFS($H$2:$H$121,$A$2:$A$121,$A4,$F$2:$F$121,"DESIGN")*INDEX(المرجع!$K$9:$K$11,MATCH("DESIGN",المرجع!$L$9:$L$11,0))+SUMIFS($H$2:$H$121,$A$2:$A$121,$A4,$F$2:$F$121,"BUILD")*INDEX(المرجع!$K$9:$K$11,MATCH("BUILD",المرجع!$L$9:$L$11,0))+SUMIFS($H$2:$H$121,$A$2:$A$121,$A4,$F$2:$F$121,"OPERATE")*INDEX(المرجع!$K$9:$K$11,MATCH("OPERATE",المرجع!$L$9:$L$11,0)))/100,1) -> 58.6 | L4: =IF($K4>المرجع!$K$3,"متقدم",IF($K4<=المرجع!$K$2,"أولي","جزئي")) -> جزئي | M4: =ROUND((SUMIFS($I$2:$I$121,$A$2:$A$121,$A4,$F$2:$F$121,"DESIGN")*INDEX(المرجع!$K$9:$K$11,MATCH("DESIGN",المرجع!$L$9:$L$11,0))+SUMIFS($I$2:$I$121,$A$2:$A$121,$A4,$F$2:$F$121,"BUILD")*INDEX(المرجع!$K$9:$K$11,MATCH("BUILD",المرجع!$L$9:$L$11,0))+SUMIFS($I$2:$I$121,$A$2:$A$121,$A4,$F$2:$F$121,"OPERATE")*INDEX(المرجع!$K$9:$K$11,MATCH("OPERATE",المرجع!$L$9:$L$11,0)))/100,1) -> 92 | N4: =IF($M4>المرجع!$K$3,"متقدم",IF($M4<=المرجع!$K$2,"أولي","جزئي")) -> متقدم
A5: TOP-02 | B5: =IFERROR(INDEX('قائمة الوحدات'!$B$2:$B$41,MATCH($A5,'قائمة الوحدات'!$A$2:$A$41,0)),"") -> TOP | C5: =IFERROR(INDEX('قائمة الوحدات'!$C$2:$C$41,MATCH($A5,'قائمة الوحدات'!$A$2:$A$41,0)),"") -> المرتبطة بسمو الوزير | D5: =IFERROR(INDEX('قائمة الوحدات'!$D$2:$D$41,MATCH($A5,'قائمة الوحدات'!$A$2:$A$41,0)),"") -> إدارة المتابعة والتقارير | E5: =IFERROR(INDEX('قائمة الوحدات'!$F$2:$F$41,MATCH($A5,'قائمة الوحدات'!$A$2:$A$41,0)),"") -> إدارة المتابعة والتقارير | F5: DESIGN | G5: =IFERROR(INDEX(المرجع!$A$2:$A$19,MATCH($F5,المرجع!$B$2:$B$19,0)),"") -> التصميم | H5: =SUMIFS('تقييم العناصر'!$R$2:$R$721,'تقييم العناصر'!$B$2:$B$721,$A5,'تقييم العناصر'!$G$2:$G$721,$F5) -> 79.8 | I5: =SUMIFS('تقييم العناصر'!$T$2:$T$721,'تقييم العناصر'!$B$2:$B$721,$A5,'تقييم العناصر'!$G$2:$G$721,$F5) -> 95.95 | J5: =IF($H5>المرجع!$K$3,"متقدم",IF($H5<=المرجع!$K$2,"أولي","جزئي")) -> متقدم | K5: =ROUND((SUMIFS($H$2:$H$121,$A$2:$A$121,$A5,$F$2:$F$121,"DESIGN")*INDEX(المرجع!$K$9:$K$11,MATCH("DESIGN",المرجع!$L$9:$L$11,0))+SUMIFS($H$2:$H$121,$A$2:$A$121,$A5,$F$2:$F$121,"BUILD")*INDEX(المرجع!$K$9:$K$11,MATCH("BUILD",المرجع!$L$9:$L$11,0))+SUMIFS($H$2:$H$121,$A$2:$A$121,$A5,$F$2:$F$121,"OPERATE")*INDEX(المرجع!$K$9:$K$11,MATCH("OPERATE",المرجع!$L$9:$L$11,0)))/100,1) -> 60 | L5: =IF($K5>المرجع!$K$3,"متقدم",IF($K5<=المرجع!$K$2,"أولي","جزئي")) -> جزئي | M5: =ROUND((SUMIFS($I$2:$I$121,$A$2:$A$121,$A5,$F$2:$F$121,"DESIGN")*INDEX(المرجع!$K$9:$K$11,MATCH("DESIGN",المرجع!$L$9:$L$11,0))+SUMIFS($I$2:$I$121,$A$2:$A$121,$A5,$F$2:$F$121,"BUILD")*INDEX(المرجع!$K$9:$K$11,MATCH("BUILD",المرجع!$L$9:$L$11,0))+SUMIFS($I$2:$I$121,$A$2:$A$121,$A5,$F$2:$F$121,"OPERATE")*INDEX(المرجع!$K$9:$K$11,MATCH("OPERATE",المرجع!$L$9:$L$11,0)))/100,1) -> 93.1 | N5: =IF($M5>المرجع!$K$3,"متقدم",IF($M5<=المرجع!$K$2,"أولي","جزئي")) -> متقدم
A6: TOP-02 | B6: =IFERROR(INDEX('قائمة الوحدات'!$B$2:$B$41,MATCH($A6,'قائمة الوحدات'!$A$2:$A$41,0)),"") -> TOP | C6: =IFERROR(INDEX('قائمة الوحدات'!$C$2:$C$41,MATCH($A6,'قائمة الوحدات'!$A$2:$A$41,0)),"") -> المرتبطة بسمو الوزير | D6: =IFERROR(INDEX('قائمة الوحدات'!$D$2:$D$41,MATCH($A6,'قائمة الوحدات'!$A$2:$A$41,0)),"") -> إدارة المتابعة والتقارير | E6: =IFERROR(INDEX('قائمة الوحدات'!$F$2:$F$41,MATCH($A6,'قائمة الوحدات'!$A$2:$A$41,0)),"") -> إدارة المتابعة والتقارير | F6: BUILD | G6: =IFERROR(INDEX(المرجع!$A$2:$A$19,MATCH($F6,المرجع!$B$2:$B$19,0)),"") -> البناء المؤسسي | H6: =SUMIFS('تقييم العناصر'!$R$2:$R$721,'تقييم العناصر'!$B$2:$B$721,$A6,'تقييم العناصر'!$G$2:$G$721,$F6) -> 64.5 | I6: =SUMIFS('تقييم العناصر'!$T$2:$T$721,'تقييم العناصر'!$B$2:$B$721,$A6,'تقييم العناصر'!$G$2:$G$721,$F6) -> 92.75 | J6: =IF($H6>المرجع!$K$3,"متقدم",IF($H6<=المرجع!$K$2,"أولي","جزئي")) -> جزئي | K6: =ROUND((SUMIFS($H$2:$H$121,$A$2:$A$121,$A6,$F$2:$F$121,"DESIGN")*INDEX(المرجع!$K$9:$K$11,MATCH("DESIGN",المرجع!$L$9:$L$11,0))+SUMIFS($H$2:$H$121,$A$2:$A$121,$A6,$F$2:$F$121,"BUILD")*INDEX(المرجع!$K$9:$K$11,MATCH("BUILD",المرجع!$L$9:$L$11,0))+SUMIFS($H$2:$H$121,$A$2:$A$121,$A6,$F$2:$F$121,"OPERATE")*INDEX(المرجع!$K$9:$K$11,MATCH("OPERATE",المرجع!$L$9:$L$11,0)))/100,1) -> 60 | L6: =IF($K6>المرجع!$K$3,"متقدم",IF($K6<=المرجع!$K$2,"أولي","جزئي")) -> جزئي | M6: =ROUND((SUMIFS($I$2:$I$121,$A$2:$A$121,$A6,$F$2:$F$121,"DESIGN")*INDEX(المرجع!$K$9:$K$11,MATCH("DESIGN",المرجع!$L$9:$L$11,0))+SUMIFS($I$2:$I$121,$A$2:$A$121,$A6,$F$2:$F$121,"BUILD")*INDEX(المرجع!$K$9:$K$11,MATCH("BUILD",المرجع!$L$9:$L$11,0))+SUMIFS($I$2:$I$121,$A$2:$A$121,$A6,$F$2:$F$121,"OPERATE")*INDEX(المرجع!$K$9:$K$11,MATCH("OPERATE",المرجع!$L$9:$L$11,0)))/100,1) -> 93.1 | N6: =IF($M6>المرجع!$K$3,"متقدم",IF($M6<=المرجع!$K$2,"أولي","جزئي")) -> متقدم
A7: TOP-02 | B7: =IFERROR(INDEX('قائمة الوحدات'!$B$2:$B$41,MATCH($A7,'قائمة الوحدات'!$A$2:$A$41,0)),"") -> TOP | C7: =IFERROR(INDEX('قائمة الوحدات'!$C$2:$C$41,MATCH($A7,'قائمة الوحدات'!$A$2:$A$41,0)),"") -> المرتبطة بسمو الوزير | D7: =IFERROR(INDEX('قائمة الوحدات'!$D$2:$D$41,MATCH($A7,'قائمة الوحدات'!$A$2:$A$41,0)),"") -> إدارة المتابعة والتقارير | E7: =IFERROR(INDEX('قائمة الوحدات'!$F$2:$F$41,MATCH($A7,'قائمة الوحدات'!$A$2:$A$41,0)),"") -> إدارة المتابعة والتقارير | F7: OPERATE | G7: =IFERROR(INDEX(المرجع!$A$2:$A$19,MATCH($F7,المرجع!$B$2:$B$19,0)),"") -> التشغيل | H7: =SUMIFS('تقييم العناصر'!$R$2:$R$721,'تقييم العناصر'!$B$2:$B$721,$A7,'تقييم العناصر'!$G$2:$G$721,$F7) -> 49.4 | I7: =SUMIFS('تقييم العناصر'!$T$2:$T$721,'تقييم العناصر'!$B$2:$B$721,$A7,'تقييم العناصر'!$G$2:$G$721,$F7) -> 92.25 | J7: =IF($H7>المرجع!$K$3,"متقدم",IF($H7<=المرجع!$K$2,"أولي","جزئي")) -> جزئي | K7: =ROUND((SUMIFS($H$2:$H$121,$A$2:$A$121,$A7,$F$2:$F$121,"DESIGN")*INDEX(المرجع!$K$9:$K$11,MATCH("DESIGN",المرجع!$L$9:$L$11,0))+SUMIFS($H$2:$H$121,$A$2:$A$121,$A7,$F$2:$F$121,"BUILD")*INDEX(المرجع!$K$9:$K$11,MATCH("BUILD",المرجع!$L$9:$L$11,0))+SUMIFS($H$2:$H$121,$A$2:$A$121,$A7,$F$2:$F$121,"OPERATE")*INDEX(المرجع!$K$9:$K$11,MATCH("OPERATE",المرجع!$L$9:$L$11,0)))/100,1) -> 60 | L7: =IF($K7>المرجع!$K$3,"متقدم",IF($K7<=المرجع!$K$2,"أولي","جزئي")) -> جزئي | M7: =ROUND((SUMIFS($I$2:$I$121,$A$2:$A$121,$A7,$F$2:$F$121,"DESIGN")*INDEX(المرجع!$K$9:$K$11,MATCH("DESIGN",المرجع!$L$9:$L$11,0))+SUMIFS($I$2:$I$121,$A$2:$A$121,$A7,$F$2:$F$121,"BUILD")*INDEX(المرجع!$K$9:$K$11,MATCH("BUILD",المرجع!$L$9:$L$11,0))+SUMIFS($I$2:$I$121,$A$2:$A$121,$A7,$F$2:$F$121,"OPERATE")*INDEX(المرجع!$K$9:$K$11,MATCH("OPERATE",المرجع!$L$9:$L$11,0)))/100,1) -> 93.1 | N7: =IF($M7>المرجع!$K$3,"متقدم",IF($M7<=المرجع!$K$2,"أولي","جزئي")) -> متقدم
A8: TOP-03 | B8: =IFERROR(INDEX('قائمة الوحدات'!$B$2:$B$41,MATCH($A8,'قائمة الوحدات'!$A$2:$A$41,0)),"") -> TOP | C8: =IFERROR(INDEX('قائمة الوحدات'!$C$2:$C$41,MATCH($A8,'قائمة الوحدات'!$A$2:$A$41,0)),"") -> المرتبطة بسمو الوزير | D8: =IFERROR(INDEX('قائمة الوحدات'!$D$2:$D$41,MATCH($A8,'قائمة الوحدات'!$A$2:$A$41,0)),"") -> إدارة الحوكمة والمخاطر | E8: =IFERROR(INDEX('قائمة الوحدات'!$F$2:$F$41,MATCH($A8,'قائمة الوحدات'!$A$2:$A$41,0)),"") -> إدارة الحوكمة والمخاطر | F8: DESIGN | G8: =IFERROR(INDEX(المرجع!$A$2:$A$19,MATCH($F8,المرجع!$B$2:$B$19,0)),"") -> التصميم | H8: =SUMIFS('تقييم العناصر'!$R$2:$R$721,'تقييم العناصر'!$B$2:$B$721,$A8,'تقييم العناصر'!$G$2:$G$721,$F8) -> 80.45 | I8: =SUMIFS('تقييم العناصر'!$T$2:$T$721,'تقييم العناصر'!$B$2:$B$721,$A8,'تقييم العناصر'!$G$2:$G$721,$F8) -> 93.95 | J8: =IF($H8>المرجع!$K$3,"متقدم",IF($H8<=المرجع!$K$2,"أولي","جزئي")) -> متقدم | K8: =ROUND((SUMIFS($H$2:$H$121,$A$2:$A$121,$A8,$F$2:$F$121,"DESIGN")*INDEX(المرجع!$K$9:$K$11,MATCH("DESIGN",المرجع!$L$9:$L$11,0))+SUMIFS($H$2:$H$121,$A$2:$A$121,$A8,$F$2:$F$121,"BUILD")*INDEX(المرجع!$K$9:$K$11,MATCH("BUILD",المرجع!$L$9:$L$11,0))+SUMIFS($H$2:$H$121,$A$2:$A$121,$A8,$F$2:$F$121,"OPERATE")*INDEX(المرجع!$K$9:$K$11,MATCH("OPERATE",المرجع!$L$9:$L$11,0)))/100,1) -> 51.2 | L8: =IF($K8>المرجع!$K$3,"متقدم",IF($K8<=المرجع!$K$2,"أولي","جزئي")) -> جزئي | M8: =ROUND((SUMIFS($I$2:$I$121,$A$2:$A$121,$A8,$F$2:$F$121,"DESIGN")*INDEX(المرجع!$K$9:$K$11,MATCH("DESIGN",المرجع!$L$9:$L$11,0))+SUMIFS($I$2:$I$121,$A$2:$A$121,$A8,$F$2:$F$121,"BUILD")*INDEX(المرجع!$K$9:$K$11,MATCH("BUILD",المرجع!$L$9:$L$11,0))+SUMIFS($I$2:$I$121,$A$2:$A$121,$A8,$F$2:$F$121,"OPERATE")*INDEX(المرجع!$K$9:$K$11,MATCH("OPERATE",المرجع!$L$9:$L$11,0)))/100,1) -> 94 | N8: =IF($M8>المرجع!$K$3,"متقدم",IF($M8<=المرجع!$K$2,"أولي","جزئي")) -> متقدم
A9: TOP-03 | B9: =IFERROR(INDEX('قائمة الوحدات'!$B$2:$B$41,MATCH($A9,'قائمة الوحدات'!$A$2:$A$41,0)),"") -> TOP | C9: =IFERROR(INDEX('قائمة الوحدات'!$C$2:$C$41,MATCH($A9,'قائمة الوحدات'!$A$2:$A$41,0)),"") -> المرتبطة بسمو الوزير | D9: =IFERROR(INDEX('قائمة الوحدات'!$D$2:$D$41,MATCH($A9,'قائمة الوحدات'!$A$2:$A$41,0)),"") -> إدارة الحوكمة والمخاطر | E9: =IFERROR(INDEX('قائمة الوحدات'!$F$2:$F$41,MATCH($A9,'قائمة الوحدات'!$A$2:$A$41,0)),"") -> إدارة الحوكمة والمخاطر | F9: BUILD | G9: =IFERROR(INDEX(المرجع!$A$2:$A$19,MATCH($F9,المرجع!$B$2:$B$19,0)),"") -> البناء المؤسسي | H9: =SUMIFS('تقييم العناصر'!$R$2:$R$721,'تقييم العناصر'!$B$2:$B$721,$A9,'تقييم العناصر'!$G$2:$G$721,$F9) -> 58.3 | I9: =SUMIFS('تقييم العناصر'!$T$2:$T$721,'تقييم العناصر'!$B$2:$B$721,$A9,'تقييم العناصر'!$G$2:$G$721,$F9) -> 95.45 | J9: =IF($H9>المرجع!$K$3,"متقدم",IF($H9<=المرجع!$K$2,"أولي","جزئي")) -> جزئي | K9: =ROUND((SUMIFS($H$2:$H$121,$A$2:$A$121,$A9,$F$2:$F$121,"DESIGN")*INDEX(المرجع!$K$9:$K$11,MATCH("DESIGN",المرجع!$L$9:$L$11,0))+SUMIFS($H$2:$H$121,$A$2:$A$121,$A9,$F$2:$F$121,"BUILD")*INDEX(المرجع!$K$9:$K$11,MATCH("BUILD",المرجع!$L$9:$L$11,0))+SUMIFS($H$2:$H$121,$A$2:$A$121,$A9,$F$2:$F$121,"OPERATE")*INDEX(المرجع!$K$9:$K$11,MATCH("OPERATE",المرجع!$L$9:$L$11,0)))/100,1) -> 51.2 | L9: =IF($K9>المرجع!$K$3,"متقدم",IF($K9<=المرجع!$K$2,"أولي","جزئي")) -> جزئي | M9: =ROUND((SUMIFS($I$2:$I$121,$A$2:$A$121,$A9,$F$2:$F$121,"DESIGN")*INDEX(المرجع!$K$9:$K$11,MATCH("DESIGN",المرجع!$L$9:$L$11,0))+SUMIFS($I$2:$I$121,$A$2:$A$121,$A9,$F$2:$F$121,"BUILD")*INDEX(المرجع!$K$9:$K$11,MATCH("BUILD",المرجع!$L$9:$L$11,0))+SUMIFS($I$2:$I$121,$A$2:$A$121,$A9,$F$2:$F$121,"OPERATE")*INDEX(المرجع!$K$9:$K$11,MATCH("OPERATE",المرجع!$L$9:$L$11,0)))/100,1) -> 94 | N9: =IF($M9>المرجع!$K$3,"متقدم",IF($M9<=المرجع!$K$2,"أولي","جزئي")) -> متقدم
A10: TOP-03 | B10: =IFERROR(INDEX('قائمة الوحدات'!$B$2:$B$41,MATCH($A10,'قائمة الوحدات'!$A$2:$A$41,0)),"") -> TOP | C10: =IFERROR(INDEX('قائمة الوحدات'!$C$2:$C$41,MATCH($A10,'قائمة الوحدات'!$A$2:$A$41,0)),"") -> المرتبطة بسمو الوزير | D10: =IFERROR(INDEX('قائمة الوحدات'!$D$2:$D$41,MATCH($A10,'قائمة الوحدات'!$A$2:$A$41,0)),"") -> إدارة الحوكمة والمخاطر | E10: =IFERROR(INDEX('قائمة الوحدات'!$F$2:$F$41,MATCH($A10,'قائمة الوحدات'!$A$2:$A$41,0)),"") -> إدارة الحوكمة والمخاطر | F10: OPERATE | G10: =IFERROR(INDEX(المرجع!$A$2:$A$19,MATCH($F10,المرجع!$B$2:$B$19,0)),"") -> التشغيل | H10: =SUMIFS('تقييم العناصر'!$R$2:$R$721,'تقييم العناصر'!$B$2:$B$721,$A10,'تقييم العناصر'!$G$2:$G$721,$F10) -> 35.2 | I10: =SUMIFS('تقييم العناصر'!$T$2:$T$721,'تقييم العناصر'!$B$2:$B$721,$A10,'تقييم العناصر'!$G$2:$G$721,$F10) -> 93.05 | J10: =IF($H10>المرجع!$K$3,"متقدم",IF($H10<=المرجع!$K$2,"أولي","جزئي")) -> جزئي | K10: =ROUND((SUMIFS($H$2:$H$121,$A$2:$A$121,$A10,$F$2:$F$121,"DESIGN")*INDEX(المرجع!$K$9:$K$11,MATCH("DESIGN",المرجع!$L$9:$L$11,0))+SUMIFS($H$2:$H$121,$A$2:$A$121,$A10,$F$2:$F$121,"BUILD")*INDEX(المرجع!$K$9:$K$11,MATCH("BUILD",المرجع!$L$9:$L$11,0))+SUMIFS($H$2:$H$121,$A$2:$A$121,$A10,$F$2:$F$121,"OPERATE")*INDEX(المرجع!$K$9:$K$11,MATCH("OPERATE",المرجع!$L$9:$L$11,0)))/100,1) -> 51.2 | L10: =IF($K10>المرجع!$K$3,"متقدم",IF($K10<=المرجع!$K$2,"أولي","جزئي")) -> جزئي | M10: =ROUND((SUMIFS($I$2:$I$121,$A$2:$A$121,$A10,$F$2:$F$121,"DESIGN")*INDEX(المرجع!$K$9:$K$11,MATCH("DESIGN",المرجع!$L$9:$L$11,0))+SUMIFS($I$2:$I$121,$A$2:$A$121,$A10,$F$2:$F$121,"BUILD")*INDEX(المرجع!$K$9:$K$11,MATCH("BUILD",المرجع!$L$9:$L$11,0))+SUMIFS($I$2:$I$121,$A$2:$A$121,$A10,$F$2:$F$121,"OPERATE")*INDEX(المرجع!$K$9:$K$11,MATCH("OPERATE",المرجع!$L$9:$L$11,0)))/100,1) -> 94 | N10: =IF($M10>المرجع!$K$3,"متقدم",IF($M10<=المرجع!$K$2,"أولي","جزئي")) -> متقدم
A11: TOP-04 | B11: =IFERROR(INDEX('قائمة الوحدات'!$B$2:$B$41,MATCH($A11,'قائمة الوحدات'!$A$2:$A$41,0)),"") -> TOP | C11: =IFERROR(INDEX('قائمة الوحدات'!$C$2:$C$41,MATCH($A11,'قائمة الوحدات'!$A$2:$A$41,0)),"") -> المرتبطة بسمو الوزير | D11: =IFERROR(INDEX('قائمة الوحدات'!$D$2:$D$41,MATCH($A11,'قائمة الوحدات'!$A$2:$A$41,0)),"") -> إدارة الشؤون القانونية | E11: =IFERROR(INDEX('قائمة الوحدات'!$F$2:$F$41,MATCH($A11,'قائمة الوحدات'!$A$2:$A$41,0)),"") -> إدارة الشؤون القانونية | F11: DESIGN | G11: =IFERROR(INDEX(المرجع!$A$2:$A$19,MATCH($F11,المرجع!$B$2:$B$19,0)),"") -> التصميم | H11: =SUMIFS('تقييم العناصر'!$R$2:$R$721,'تقييم العناصر'!$B$2:$B$721,$A11,'تقييم العناصر'!$G$2:$G$721,$F11) -> 83.65 | I11: =SUMIFS('تقييم العناصر'!$T$2:$T$721,'تقييم العناصر'!$B$2:$B$721,$A11,'تقييم العناصر'!$G$2:$G$721,$F11) -> 91.8 | J11: =IF($H11>المرجع!$K$3,"متقدم",IF($H11<=المرجع!$K$2,"أولي","جزئي")) -> متقدم | K11: =ROUND((SUMIFS($H$2:$H$121,$A$2:$A$121,$A11,$F$2:$F$121,"DESIGN")*INDEX(المرجع!$K$9:$K$11,MATCH("DESIGN",المرجع!$L$9:$L$11,0))+SUMIFS($H$2:$H$121,$A$2:$A$121,$A11,$F$2:$F$121,"BUILD")*INDEX(المرجع!$K$9:$K$11,MATCH("BUILD",المرجع!$L$9:$L$11,0))+SUMIFS($H$2:$H$121,$A$2:$A$121,$A11,$F$2:$F$121,"OPERATE")*INDEX(المرجع!$K$9:$K$11,MATCH("OPERATE",المرجع!$L$9:$L$11,0)))/100,1) -> 55.5 | L11: =IF($K11>المرجع!$K$3,"متقدم",IF($K11<=المرجع!$K$2,"أولي","جزئي")) -> جزئي | M11: =ROUND((SUMIFS($I$2:$I$121,$A$2:$A$121,$A11,$F$2:$F$121,"DESIGN")*INDEX(المرجع!$K$9:$K$11,MATCH("DESIGN",المرجع!$L$9:$L$11,0))+SUMIFS($I$2:$I$121,$A$2:$A$121,$A11,$F$2:$F$121,"BUILD")*INDEX(المرجع!$K$9:$K$11,MATCH("BUILD",المرجع!$L$9:$L$11,0))+SUMIFS($I$2:$I$121,$A$2:$A$121,$A11,$F$2:$F$121,"OPERATE")*INDEX(المرجع!$K$9:$K$11,MATCH("OPERATE",المرجع!$L$9:$L$11,0)))/100,1) -> 94.4 | N11: =IF($M11>المرجع!$K$3,"متقدم",IF($M11<=المرجع!$K$2,"أولي","جزئي")) -> متقدم
A12: TOP-04 | B12: =IFERROR(INDEX('قائمة الوحدات'!$B$2:$B$41,MATCH($A12,'قائمة الوحدات'!$A$2:$A$41,0)),"") -> TOP | C12: =IFERROR(INDEX('قائمة الوحدات'!$C$2:$C$41,MATCH($A12,'قائمة الوحدات'!$A$2:$A$41,0)),"") -> المرتبطة بسمو الوزير | D12: =IFERROR(INDEX('قائمة الوحدات'!$D$2:$D$41,MATCH($A12,'قائمة الوحدات'!$A$2:$A$41,0)),"") -> إدارة الشؤون القانونية | E12: =IFERROR(INDEX('قائمة الوحدات'!$F$2:$F$41,MATCH($A12,'قائمة الوحدات'!$A$2:$A$41,0)),"") -> إدارة الشؤون القانونية | F12: BUILD | G12: =IFERROR(INDEX(المرجع!$A$2:$A$19,MATCH($F12,المرجع!$B$2:$B$19,0)),"") -> البناء المؤسسي | H12: =SUMIFS('تقييم العناصر'!$R$2:$R$721,'تقييم العناصر'!$B$2:$B$721,$A12,'تقييم العناصر'!$G$2:$G$721,$F12) -> 60.45 | I12: =SUMIFS('تقييم العناصر'!$T$2:$T$721,'تقييم العناصر'!$B$2:$B$721,$A12,'تقييم العناصر'!$G$2:$G$721,$F12) -> 92.7 | J12: =IF($H12>المرجع!$K$3,"متقدم",IF($H12<=المرجع!$K$2,"أولي","جزئي")) -> جزئي | K12: =ROUND((SUMIFS($H$2:$H$121,$A$2:$A$121,$A12,$F$2:$F$121,"DESIGN")*INDEX(المرجع!$K$9:$K$11,MATCH("DESIGN",المرجع!$L$9:$L$11,0))+SUMIFS($H$2:$H$121,$A$2:$A$121,$A12,$F$2:$F$121,"BUILD")*INDEX(المرجع!$K$9:$K$11,MATCH("BUILD",المرجع!$L$9:$L$11,0))+SUMIFS($H$2:$H$121,$A$2:$A$121,$A12,$F$2:$F$121,"OPERATE")*INDEX(المرجع!$K$9:$K$11,MATCH("OPERATE",المرجع!$L$9:$L$11,0)))/100,1) -> 55.5 | L12: =IF($K12>المرجع!$K$3,"متقدم",IF($K12<=المرجع!$K$2,"أولي","جزئي")) -> جزئي | M12: =ROUND((SUMIFS($I$2:$I$121,$A$2:$A$121,$A12,$F$2:$F$121,"DESIGN")*INDEX(المرجع!$K$9:$K$11,MATCH("DESIGN",المرجع!$L$9:$L$11,0))+SUMIFS($I$2:$I$121,$A$2:$A$121,$A12,$F$2:$F$121,"BUILD")*INDEX(المرجع!$K$9:$K$11,MATCH("BUILD",المرجع!$L$9:$L$11,0))+SUMIFS($I$2:$I$121,$A$2:$A$121,$A12,$F$2:$F$121,"OPERATE")*INDEX(المرجع!$K$9:$K$11,MATCH("OPERATE",المرجع!$L$9:$L$11,0)))/100,1) -> 94.4 | N12: =IF($M12>المرجع!$K$3,"متقدم",IF($M12<=المرجع!$K$2,"أولي","جزئي")) -> متقدم
A13: TOP-04 | B13: =IFERROR(INDEX('قائمة الوحدات'!$B$2:$B$41,MATCH($A13,'قائمة الوحدات'!$A$2:$A$41,0)),"") -> TOP | C13: =IFERROR(INDEX('قائمة الوحدات'!$C$2:$C$41,MATCH($A13,'قائمة الوحدات'!$A$2:$A$41,0)),"") -> المرتبطة بسمو الوزير | D13: =IFERROR(INDEX('قائمة الوحدات'!$D$2:$D$41,MATCH($A13,'قائمة الوحدات'!$A$2:$A$41,0)),"") -> إدارة الشؤون القانونية | E13: =IFERROR(INDEX('قائمة الوحدات'!$F$2:$F$41,MATCH($A13,'قائمة الوحدات'!$A$2:$A$41,0)),"") -> إدارة الشؤون القانونية | F13: OPERATE | G13: =IFERROR(INDEX(المرجع!$A$2:$A$19,MATCH($F13,المرجع!$B$2:$B$19,0)),"") -> التشغيل | H13: =SUMIFS('تقييم العناصر'!$R$2:$R$721,'تقييم العناصر'!$B$2:$B$721,$A13,'تقييم العناصر'!$G$2:$G$721,$F13) -> 41.2 | I13: =SUMIFS('تقييم العناصر'!$T$2:$T$721,'تقييم العناصر'!$B$2:$B$721,$A13,'تقييم العناصر'!$G$2:$G$721,$F13) -> 96.5 | J13: =IF($H13>المرجع!$K$3,"متقدم",IF($H13<=المرجع!$K$2,"أولي","جزئي")) -> جزئي | K13: =ROUND((SUMIFS($H$2:$H$121,$A$2:$A$121,$A13,$F$2:$F$121,"DESIGN")*INDEX(المرجع!$K$9:$K$11,MATCH("DESIGN",المرجع!$L$9:$L$11,0))+SUMIFS($H$2:$H$121,$A$2:$A$121,$A13,$F$2:$F$121,"BUILD")*INDEX(المرجع!$K$9:$K$11,MATCH("BUILD",المرجع!$L$9:$L$11,0))+SUMIFS($H$2:$H$121,$A$2:$A$121,$A13,$F$2:$F$121,"OPERATE")*INDEX(المرجع!$K$9:$K$11,MATCH("OPERATE",المرجع!$L$9:$L$11,0)))/100,1) -> 55.5 | L13: =IF($K13>المرجع!$K$3,"متقدم",IF($K13<=المرجع!$K$2,"أولي","جزئي")) -> جزئي | M13: =ROUND((SUMIFS($I$2:$I$121,$A$2:$A$121,$A13,$F$2:$F$121,"DESIGN")*INDEX(المرجع!$K$9:$K$11,MATCH("DESIGN",المرجع!$L$9:$L$11,0))+SUMIFS($I$2:$I$121,$A$2:$A$121,$A13,$F$2:$F$121,"BUILD")*INDEX(المرجع!$K$9:$K$11,MATCH("BUILD",المرجع!$L$9:$L$11,0))+SUMIFS($I$2:$I$121,$A$2:$A$121,$A13,$F$2:$F$121,"OPERATE")*INDEX(المرجع!$K$9:$K$11,MATCH("OPERATE",المرجع!$L$9:$L$11,0)))/100,1) -> 94.4 | N13: =IF($M13>المرجع!$K$3,"متقدم",IF($M13<=المرجع!$K$2,"أولي","جزئي")) -> متقدم
... A121: MIL-21 | B121: =IFERROR(INDEX('قائمة الوحدات'!$B$2:$B$41,MATCH($A121,'قائمة الوحدات'!$A$2:$A$41,0)),"") -> MIL | C121: =IFERROR(INDEX('قائمة الوحدات'!$C$2:$C$41,MATCH($A121,'قائمة الوحدات'!$A$2:$A$41,0)),"") -> الجهاز العسكري | D121: =IFERROR(INDEX('قائمة الوحدات'!$D$2:$D$41,MATCH($A121,'قائمة الوحدات'!$A$2:$A$41,0)),"") -> الإدارة العامة للمراسم والتشريفات العسكرية | E121: =IFERROR(INDEX('قائمة الوحدات'!$F$2:$F$41,MATCH($A121,'قائمة الوحدات'!$A$2:$A$41,0)),"") -> الإدارة العامة للمراسم والتشريفات العسكرية | F121: OPERATE | G121: =IFERROR(INDEX(المرجع!$A$2:$A$19,MATCH($F121,المرجع!$B$2:$B$19,0)),"") -> التشغيل | H121: =SUMIFS('تقييم العناصر'!$R$2:$R$721,'تقييم العناصر'!$B$2:$B$721,$A121,'تقييم العناصر'!$G$2:$G$721,$F121) -> 46.4 | I121: =SUMIFS('تقييم العناصر'!$T$2:$T$721,'تقييم العناصر'!$B$2:$B$721,$A121,'تقييم العناصر'!$G$2:$G$721,$F121) -> 84.95 | J121: =IF($H121>المرجع!$K$3,"متقدم",IF($H121<=المرجع!$K$2,"أولي","جزئي")) -> جزئي | K121: =ROUND((SUMIFS($H$2:$H$121,$A$2:$A$121,$A121,$F$2:$F$121,"DESIGN")*INDEX(المرجع!$K$9:$K$11,MATCH("DESIGN",المرجع!$L$9:$L$11,0))+SUMIFS($H$2:$H$121,$A$2:$A$121,$A121,$F$2:$F$121,"BUILD")*INDEX(المرجع!$K$9:$K$11,MATCH("BUILD",المرجع!$L$9:$L$11,0))+SUMIFS($H$2:$H$121,$A$2:$A$121,$A121,$F$2:$F$121,"OPERATE")*INDEX(المرجع!$K$9:$K$11,MATCH("OPERATE",المرجع!$L$9:$L$11,0)))/100,1) -> 58.7 | L121: =IF($K121>المرجع!$K$3,"متقدم",IF($K121<=المرجع!$K$2,"أولي","جزئي")) -> جزئي | M121: =ROUND((SUMIFS($I$2:$I$121,$A$2:$A$121,$A121,$F$2:$F$121,"DESIGN")*INDEX(المرجع!$K$9:$K$11,MATCH("DESIGN",المرجع!$L$9:$L$11,0))+SUMIFS($I$2:$I$121,$A$2:$A$121,$A121,$F$2:$F$121,"BUILD")*INDEX(المرجع!$K$9:$K$11,MATCH("BUILD",المرجع!$L$9:$L$11,0))+SUMIFS($I$2:$I$121,$A$2:$A$121,$A121,$F$2:$F$121,"OPERATE")*INDEX(المرجع!$K$9:$K$11,MATCH("OPERATE",المرجع!$L$9:$L$11,0)))/100,1) -> 89.3 | N121: =IF($M121>المرجع!$K$3,"متقدم",IF($M121<=المرجع!$K$2,"أولي","جزئي")) -> متقدم

Sheet ملخص الوحدات
A1: كود الوحدة | B1: كود المجموعة | C1: المجموعة | D1: الوحدة التنظيمية الرئيسية | E1: الوحدة التنظيمية الفرعية | F1: درجة التصميم | G1: درجة البناء المؤسسي | H1: درجة التشغيل | I1: النضج النهائي المرجّح % | J1: التصنيف النهائي | K1: النضج النهائي المستهدف لعام 2026 % | L1: التصنيف النهائي المستهدف لعام 2026
A2: TOP-01 | B2: =IFERROR(INDEX('قائمة الوحدات'!$B$2:$B$41,MATCH($A2,'قائمة الوحدات'!$A$2:$A$41,0)),"") -> TOP | C2: =IFERROR(INDEX('قائمة الوحدات'!$C$2:$C$41,MATCH($A2,'قائمة الوحدات'!$A$2:$A$41,0)),"") -> المرتبطة بسمو الوزير | D2: =IFERROR(INDEX('قائمة الوحدات'!$D$2:$D$41,MATCH($A2,'قائمة الوحدات'!$A$2:$A$41,0)),"") -> المكتب التنفيذي | E2: =IFERROR(INDEX('قائمة الوحدات'!$F$2:$F$41,MATCH($A2,'قائمة الوحدات'!$A$2:$A$41,0)),"") -> المكتب التنفيذي | F2: =SUMIFS(النتائج!$H$2:$H$121,النتائج!$A$2:$A$121,$A2,النتائج!$F$2:$F$121,"DESIGN") -> 75.85 | G2: =SUMIFS(النتائج!$H$2:$H$121,النتائج!$A$2:$A$121,$A2,النتائج!$F$2:$F$121,"BUILD") -> 68.85 | H2: =SUMIFS(النتائج!$H$2:$H$121,النتائج!$A$2:$A$121,$A2,النتائج!$F$2:$F$121,"OPERATE") -> 45.55 | I2: =ROUND(($F2*INDEX(المرجع!$K$9:$K$11,MATCH("DESIGN",المرجع!$L$9:$L$11,0))+$G2*INDEX(المرجع!$K$9:$K$11,MATCH("BUILD",المرجع!$L$9:$L$11,0))+$H2*INDEX(المرجع!$K$9:$K$11,MATCH("OPERATE",المرجع!$L$9:$L$11,0)))/100,1) -> 58.6 | J2: =IF($I2>المرجع!$K$3,"متقدم",IF($I2<=المرجع!$K$2,"أولي","جزئي")) -> جزئي | K2: =ROUND((SUMIFS(النتائج!$I$2:$I$121,النتائج!$A$2:$A$121,$A2,النتائج!$F$2:$F$121,"DESIGN")*INDEX(المرجع!$K$9:$K$11,MATCH("DESIGN",المرجع!$L$9:$L$11,0))+SUMIFS(النتائج!$I$2:$I$121,النتائج!$A$2:$A$121,$A2,النتائج!$F$2:$F$121,"BUILD")*INDEX(المرجع!$K$9:$K$11,MATCH("BUILD",المرجع!$L$9:$L$11,0))+SUMIFS(النتائج!$I$2:$I$121,النتائج!$A$2:$A$121,$A2,النتائج!$F$2:$F$121,"OPERATE")*INDEX(المرجع!$K$9:$K$11,MATCH("OPERATE",المرجع!$L$9:$L$11,0)))/100,1) -> 92 | L2: =IF($K2>المرجع!$K$3,"متقدم",IF($K2<=المرجع!$K$2,"أولي","جزئي")) -> متقدم
A3: TOP-02 | B3: =IFERROR(INDEX('قائمة الوحدات'!$B$2:$B$41,MATCH($A3,'قائمة الوحدات'!$A$2:$A$41,0)),"") -> TOP | C3: =IFERROR(INDEX('قائمة الوحدات'!$C$2:$C$41,MATCH($A3,'قائمة الوحدات'!$A$2:$A$41,0)),"") -> المرتبطة بسمو الوزير | D3: =IFERROR(INDEX('قائمة الوحدات'!$D$2:$D$41,MATCH($A3,'قائمة الوحدات'!$A$2:$A$41,0)),"") -> إدارة المتابعة والتقارير | E3: =IFERROR(INDEX('قائمة الوحدات'!$F$2:$F$41,MATCH($A3,'قائمة الوحدات'!$A$2:$A$41,0)),"") -> إدارة المتابعة والتقارير | F3: =SUMIFS(النتائج!$H$2:$H$121,النتائج!$A$2:$A$121,$A3,النتائج!$F$2:$F$121,"DESIGN") -> 79.8 | G3: =SUMIFS(النتائج!$H$2:$H$121,النتائج!$A$2:$A$121,$A3,النتائج!$F$2:$F$121,"BUILD") -> 64.5 | H3: =SUMIFS(النتائج!$H$2:$H$121,النتائج!$A$2:$A$121,$A3,النتائج!$F$2:$F$121,"OPERATE") -> 49.4 | I3: =ROUND(($F3*INDEX(المرجع!$K$9:$K$11,MATCH("DESIGN",المرجع!$L$9:$L$11,0))+$G3*INDEX(المرجع!$K$9:$K$11,MATCH("BUILD",المرجع!$L$9:$L$11,0))+$H3*INDEX(المرجع!$K$9:$K$11,MATCH("OPERATE",المرجع!$L$9:$L$11,0)))/100,1) -> 60 | J3: =IF($I3>المرجع!$K$3,"متقدم",IF($I3<=المرجع!$K$2,"أولي","جزئي")) -> جزئي | K3: =ROUND((SUMIFS(النتائج!$I$2:$I$121,النتائج!$A$2:$A$121,$A3,النتائج!$F$2:$F$121,"DESIGN")*INDEX(المرجع!$K$9:$K$11,MATCH("DESIGN",المرجع!$L$9:$L$11,0))+SUMIFS(النتائج!$I$2:$I$121,النتائج!$A$2:$A$121,$A3,النتائج!$F$2:$F$121,"BUILD")*INDEX(المرجع!$K$9:$K$11,MATCH("BUILD",المرجع!$L$9:$L$11,0))+SUMIFS(النتائج!$I$2:$I$121,النتائج!$A$2:$A$121,$A3,النتائج!$F$2:$F$121,"OPERATE")*INDEX(المرجع!$K$9:$K$11,MATCH("OPERATE",المرجع!$L$9:$L$11,0)))/100,1) -> 93.1 | L3: =IF($K3>المرجع!$K$3,"متقدم",IF($K3<=المرجع!$K$2,"أولي","جزئي")) -> متقدم
A4: TOP-03 | B4: =IFERROR(INDEX('قائمة الوحدات'!$B$2:$B$41,MATCH($A4,'قائمة الوحدات'!$A$2:$A$41,0)),"") -> TOP | C4: =IFERROR(INDEX('قائمة الوحدات'!$C$2:$C$41,MATCH($A4,'قائمة الوحدات'!$A$2:$A$41,0)),"") -> المرتبطة بسمو الوزير | D4: =IFERROR(INDEX('قائمة الوحدات'!$D$2:$D$41,MATCH($A4,'قائمة الوحدات'!$A$2:$A$41,0)),"") -> إدارة الحوكمة والمخاطر | E4: =IFERROR(INDEX('قائمة الوحدات'!$F$2:$F$41,MATCH($A4,'قائمة الوحدات'!$A$2:$A$41,0)),"") -> إدارة الحوكمة والمخاطر | F4: =SUMIFS(النتائج!$H$2:$H$121,النتائج!$A$2:$A$121,$A4,النتائج!$F$2:$F$121,"DESIGN") -> 80.45 | G4: =SUMIFS(النتائج!$H$2:$H$121,النتائج!$A$2:$A$121,$A4,النتائج!$F$2:$F$121,"BUILD") -> 58.3 | H4: =SUMIFS(النتائج!$H$2:$H$121,النتائج!$A$2:$A$121,$A4,النتائج!$F$2:$F$121,"OPERATE") -> 35.2 | I4: =ROUND(($F4*INDEX(المرجع!$K$9:$K$11,MATCH("DESIGN",المرجع!$L$9:$L$11,0))+$G4*INDEX(المرجع!$K$9:$K$11,MATCH("BUILD",المرجع!$L$9:$L$11,0))+$H4*INDEX(المرجع!$K$9:$K$11,MATCH("OPERATE",المرجع!$L$9:$L$11,0)))/100,1) -> 51.2 | J4: =IF($I4>المرجع!$K$3,"متقدم",IF($I4<=المرجع!$K$2,"أولي","جزئي")) -> جزئي | K4: =ROUND((SUMIFS(النتائج!$I$2:$I$121,النتائج!$A$2:$A$121,$A4,النتائج!$F$2:$F$121,"DESIGN")*INDEX(المرجع!$K$9:$K$11,MATCH("DESIGN",المرجع!$L$9:$L$11,0))+SUMIFS(النتائج!$I$2:$I$121,النتائج!$A$2:$A$121,$A4,النتائج!$F$2:$F$121,"BUILD")*INDEX(المرجع!$K$9:$K$11,MATCH("BUILD",المرجع!$L$9:$L$11,0))+SUMIFS(النتائج!$I$2:$I$121,النتائج!$A$2:$A$121,$A4,النتائج!$F$2:$F$121,"OPERATE")*INDEX(المرجع!$K$9:$K$11,MATCH("OPERATE",المرجع!$L$9:$L$11,0)))/100,1) -> 94 | L4: =IF($K4>المرجع!$K$3,"متقدم",IF($K4<=المرجع!$K$2,"أولي","جزئي")) -> متقدم
A5: TOP-04 | B5: =IFERROR(INDEX('قائمة الوحدات'!$B$2:$B$41,MATCH($A5,'قائمة الوحدات'!$A$2:$A$41,0)),"") -> TOP | C5: =IFERROR(INDEX('قائمة الوحدات'!$C$2:$C$41,MATCH($A5,'قائمة الوحدات'!$A$2:$A$41,0)),"") -> المرتبطة بسمو الوزير | D5: =IFERROR(INDEX('قائمة الوحدات'!$D$2:$D$41,MATCH($A5,'قائمة الوحدات'!$A$2:$A$41,0)),"") -> إدارة الشؤون القانونية | E5: =IFERROR(INDEX('قائمة الوحدات'!$F$2:$F$41,MATCH($A5,'قائمة الوحدات'!$A$2:$A$41,0)),"") -> إدارة الشؤون القانونية | F5: =SUMIFS(النتائج!$H$2:$H$121,النتائج!$A$2:$A$121,$A5,النتائج!$F$2:$F$121,"DESIGN") -> 83.65 | G5: =SUMIFS(النتائج!$H$2:$H$121,النتائج!$A$2:$A$121,$A5,النتائج!$F$2:$F$121,"BUILD") -> 60.45 | H5: =SUMIFS(النتائج!$H$2:$H$121,النتائج!$A$2:$A$121,$A5,النتائج!$F$2:$F$121,"OPERATE") -> 41.2 | I5: =ROUND(($F5*INDEX(المرجع!$K$9:$K$11,MATCH("DESIGN",المرجع!$L$9:$L$11,0))+$G5*INDEX(المرجع!$K$9:$K$11,MATCH("BUILD",المرجع!$L$9:$L$11,0))+$H5*INDEX(المرجع!$K$9:$K$11,MATCH("OPERATE",المرجع!$L$9:$L$11,0)))/100,1) -> 55.5 | J5: =IF($I5>المرجع!$K$3,"متقدم",IF($I5<=المرجع!$K$2,"أولي","جزئي")) -> جزئي | K5: =ROUND((SUMIFS(النتائج!$I$2:$I$121,النتائج!$A$2:$A$121,$A5,النتائج!$F$2:$F$121,"DESIGN")*INDEX(المرجع!$K$9:$K$11,MATCH("DESIGN",المرجع!$L$9:$L$11,0))+SUMIFS(النتائج!$I$2:$I$121,النتائج!$A$2:$A$121,$A5,النتائج!$F$2:$F$121,"BUILD")*INDEX(المرجع!$K$9:$K$11,MATCH("BUILD",المرجع!$L$9:$L$11,0))+SUMIFS(النتائج!$I$2:$I$121,النتائج!$A$2:$A$121,$A5,النتائج!$F$2:$F$121,"OPERATE")*INDEX(المرجع!$K$9:$K$11,MATCH("OPERATE",المرجع!$L$9:$L$11,0)))/100,1) -> 94.4 | L5: =IF($K5>المرجع!$K$3,"متقدم",IF($K5<=المرجع!$K$2,"أولي","جزئي")) -> متقدم
A6: TOP-05 | B6: =IFERROR(INDEX('قائمة الوحدات'!$B$2:$B$41,MATCH($A6,'قائمة الوحدات'!$A$2:$A$41,0)),"") -> TOP | C6: =IFERROR(INDEX('قائمة الوحدات'!$C$2:$C$41,MATCH($A6,'قائمة الوحدات'!$A$2:$A$41,0)),"") -> المرتبطة بسمو الوزير | D6: =IFERROR(INDEX('قائمة الوحدات'!$D$2:$D$41,MATCH($A6,'قائمة الوحدات'!$A$2:$A$41,0)),"") -> إدارة التميز المؤسسي | E6: =IFERROR(INDEX('قائمة الوحدات'!$F$2:$F$41,MATCH($A6,'قائمة الوحدات'!$A$2:$A$41,0)),"") -> إدارة التميز المؤسسي | F6: =SUMIFS(النتائج!$H$2:$H$121,النتائج!$A$2:$A$121,$A6,النتائج!$F$2:$F$121,"DESIGN") -> 81.9 | G6: =SUMIFS(النتائج!$H$2:$H$121,النتائج!$A$2:$A$121,$A6,النتائج!$F$2:$F$121,"BUILD") -> 64.8 | H6: =SUMIFS(النتائج!$H$2:$H$121,النتائج!$A$2:$A$121,$A6,النتائج!$F$2:$F$121,"OPERATE") -> 33.35 | I6: =ROUND(($F6*INDEX(المرجع!$K$9:$K$11,MATCH("DESIGN",المرجع!$L$9:$L$11,0))+$G6*INDEX(المرجع!$K$9:$K$11,MATCH("BUILD",المرجع!$L$9:$L$11,0))+$H6*INDEX(المرجع!$K$9:$K$11,MATCH("OPERATE",المرجع!$L$9:$L$11,0)))/100,1) -> 52.5 | J6: =IF($I6>المرجع!$K$3,"متقدم",IF($I6<=المرجع!$K$2,"أولي","جزئي")) -> جزئي | K6: =ROUND((SUMIFS(النتائج!$I$2:$I$121,النتائج!$A$2:$A$121,$A6,النتائج!$F$2:$F$121,"DESIGN")*INDEX(المرجع!$K$9:$K$11,MATCH("DESIGN",المرجع!$L$9:$L$11,0))+SUMIFS(النتائج!$I$2:$I$121,النتائج!$A$2:$A$121,$A6,النتائج!$F$2:$F$121,"BUILD")*INDEX(المرجع!$K$9:$K$11,MATCH("BUILD",المرجع!$L$9:$L$11,0))+SUMIFS(النتائج!$I$2:$I$121,النتائج!$A$2:$A$121,$A6,النتائج!$F$2:$F$121,"OPERATE")*INDEX(المرجع!$K$9:$K$11,MATCH("OPERATE",المرجع!$L$9:$L$11,0)))/100,1) -> 89.7 | L6: =IF($K6>المرجع!$K$3,"متقدم",IF($K6<=المرجع!$K$2,"أولي","جزئي")) -> متقدم
A7: EXE-01 | B7: =IFERROR(INDEX('قائمة الوحدات'!$B$2:$B$41,MATCH($A7,'قائمة الوحدات'!$A$2:$A$41,0)),"") -> EXE | C7: =IFERROR(INDEX('قائمة الوحدات'!$C$2:$C$41,MATCH($A7,'قائمة الوحدات'!$A$2:$A$41,0)),"") -> الشؤون التنفيذية | D7: =IFERROR(INDEX('قائمة الوحدات'!$D$2:$D$41,MATCH($A7,'قائمة الوحدات'!$A$2:$A$41,0)),"") -> وكالة الشؤون الفنية | E7: =IFERROR(INDEX('قائمة الوحدات'!$F$2:$F$41,MATCH($A7,'قائمة الوحدات'!$A$2:$A$41,0)),"") -> الإدارة العامة للتخطيط والدراسات | F7: =SUMIFS(النتائج!$H$2:$H$121,النتائج!$A$2:$A$121,$A7,النتائج!$F$2:$F$121,"DESIGN") -> 81.1 | G7: =SUMIFS(النتائج!$H$2:$H$121,النتائج!$A$2:$A$121,$A7,النتائج!$F$2:$F$121,"BUILD") -> 65.55 | H7: =SUMIFS(النتائج!$H$2:$H$121,النتائج!$A$2:$A$121,$A7,النتائج!$F$2:$F$121,"OPERATE") -> 42.4 | I7: =ROUND(($F7*INDEX(المرجع!$K$9:$K$11,MATCH("DESIGN",المرجع!$L$9:$L$11,0))+$G7*INDEX(المرجع!$K$9:$K$11,MATCH("BUILD",المرجع!$L$9:$L$11,0))+$H7*INDEX(المرجع!$K$9:$K$11,MATCH("OPERATE",المرجع!$L$9:$L$11,0)))/100,1) -> 57.1 | J7: =IF($I7>المرجع!$K$3,"متقدم",IF($I7<=المرجع!$K$2,"أولي","جزئي")) -> جزئي | K7: =ROUND((SUMIFS(النتائج!$I$2:$I$121,النتائج!$A$2:$A$121,$A7,النتائج!$F$2:$F$121,"DESIGN")*INDEX(المرجع!$K$9:$K$11,MATCH("DESIGN",المرجع!$L$9:$L$11,0))+SUMIFS(النتائج!$I$2:$I$121,النتائج!$A$2:$A$121,$A7,النتائج!$F$2:$F$121,"BUILD")*INDEX(المرجع!$K$9:$K$11,MATCH("BUILD",المرجع!$L$9:$L$11,0))+SUMIFS(النتائج!$I$2:$I$121,النتائج!$A$2:$A$121,$A7,النتائج!$F$2:$F$121,"OPERATE")*INDEX(المرجع!$K$9:$K$11,MATCH("OPERATE",المرجع!$L$9:$L$11,0)))/100,1) -> 91.1 | L7: =IF($K7>المرجع!$K$3,"متقدم",IF($K7<=المرجع!$K$2,"أولي","جزئي")) -> متقدم
A8: EXE-02 | B8: =IFERROR(INDEX('قائمة الوحدات'!$B$2:$B$41,MATCH($A8,'قائمة الوحدات'!$A$2:$A$41,0)),"") -> EXE | C8: =IFERROR(INDEX('قائمة الوحدات'!$C$2:$C$41,MATCH($A8,'قائمة الوحدات'!$A$2:$A$41,0)),"") -> الشؤون التنفيذية | D8: =IFERROR(INDEX('قائمة الوحدات'!$D$2:$D$41,MATCH($A8,'قائمة الوحدات'!$A$2:$A$41,0)),"") -> وكالة الشؤون الفنية | E8: =IFERROR(INDEX('قائمة الوحدات'!$F$2:$F$41,MATCH($A8,'قائمة الوحدات'!$A$2:$A$41,0)),"") -> الإدارة العامة للجودة والتطوير | F8: =SUMIFS(النتائج!$H$2:$H$121,النتائج!$A$2:$A$121,$A8,النتائج!$F$2:$F$121,"DESIGN") -> 81.9 | G8: =SUMIFS(النتائج!$H$2:$H$121,النتائج!$A$2:$A$121,$A8,النتائج!$F$2:$F$121,"BUILD") -> 63.65 | H8: =SUMIFS(النتائج!$H$2:$H$121,النتائج!$A$2:$A$121,$A8,النتائج!$F$2:$F$121,"OPERATE") -> 39.95 | I8: =ROUND(($F8*INDEX(المرجع!$K$9:$K$11,MATCH("DESIGN",المرجع!$L$9:$L$11,0))+$G8*INDEX(المرجع!$K$9:$K$11,MATCH("BUILD",المرجع!$L$9:$L$11,0))+$H8*INDEX(المرجع!$K$9:$K$11,MATCH("OPERATE",المرجع!$L$9:$L$11,0)))/100,1) -> 55.5 | J8: =IF($I8>المرجع!$K$3,"متقدم",IF($I8<=المرجع!$K$2,"أولي","جزئي")) -> جزئي | K8: =ROUND((SUMIFS(النتائج!$I$2:$I$121,النتائج!$A$2:$A$121,$A8,النتائج!$F$2:$F$121,"DESIGN")*INDEX(المرجع!$K$9:$K$11,MATCH("DESIGN",المرجع!$L$9:$L$11,0))+SUMIFS(النتائج!$I$2:$I$121,النتائج!$A$2:$A$121,$A8,النتائج!$F$2:$F$121,"BUILD")*INDEX(المرجع!$K$9:$K$11,MATCH("BUILD",المرجع!$L$9:$L$11,0))+SUMIFS(النتائج!$I$2:$I$121,النتائج!$A$2:$A$121,$A8,النتائج!$F$2:$F$121,"OPERATE")*INDEX(المرجع!$K$9:$K$11,MATCH("OPERATE",المرجع!$L$9:$L$11,0)))/100,1) -> 93.7 | L8: =IF($K8>المرجع!$K$3,"متقدم",IF($K8<=المرجع!$K$2,"أولي","جزئي")) -> متقدم
A9: EXE-03 | B9: =IFERROR(INDEX('قائمة الوحدات'!$B$2:$B$41,MATCH($A9,'قائمة الوحدات'!$A$2:$A$41,0)),"") -> EXE | C9: =IFERROR(INDEX('قائمة الوحدات'!$C$2:$C$41,MATCH($A9,'قائمة الوحدات'!$A$2:$A$41,0)),"") -> الشؤون التنفيذية | D9: =IFERROR(INDEX('قائمة الوحدات'!$D$2:$D$41,MATCH($A9,'قائمة الوحدات'!$A$2:$A$41,0)),"") -> وكالة الشؤون الفنية | E9: =IFERROR(INDEX('قائمة الوحدات'!$F$2:$F$41,MATCH($A9,'قائمة الوحدات'!$A$2:$A$41,0)),"") -> الإدارة العامة للمشاريع | F9: =SUMIFS(النتائج!$H$2:$H$121,النتائج!$A$2:$A$121,$A9,النتائج!$F$2:$F$121,"DESIGN") -> 86.9 | G9: =SUMIFS(النتائج!$H$2:$H$121,النتائج!$A$2:$A$121,$A9,النتائج!$F$2:$F$121,"BUILD") -> 69.25 | H9: =SUMIFS(النتائج!$H$2:$H$121,النتائج!$A$2:$A$121,$A9,النتائج!$F$2:$F$121,"OPERATE") -> 43 | I9: =ROUND(($F9*INDEX(المرجع!$K$9:$K$11,MATCH("DESIGN",المرجع!$L$9:$L$11,0))+$G9*INDEX(المرجع!$K$9:$K$11,MATCH("BUILD",المرجع!$L$9:$L$11,0))+$H9*INDEX(المرجع!$K$9:$K$11,MATCH("OPERATE",المرجع!$L$9:$L$11,0)))/100,1) -> 59.7 | J9: =IF($I9>المرجع!$K$3,"متقدم",IF($I9<=المرجع!$K$2,"أولي","جزئي")) -> جزئي | K9: =ROUND((SUMIFS(النتائج!$I$2:$I$121,النتائج!$A$2:$A$121,$A9,النتائج!$F$2:$F$121,"DESIGN")*INDEX(المرجع!$K$9:$K$11,MATCH("DESIGN",المرجع!$L$9:$L$11,0))+SUMIFS(النتائج!$I$2:$I$121,النتائج!$A$2:$A$121,$A9,النتائج!$F$2:$F$121,"BUILD")*INDEX(المرجع!$K$9:$K$11,MATCH("BUILD",المرجع!$L$9:$L$11,0))+SUMIFS(النتائج!$I$2:$I$121,النتائج!$A$2:$A$121,$A9,النتائج!$F$2:$F$121,"OPERATE")*INDEX(المرجع!$K$9:$K$11,MATCH("OPERATE",المرجع!$L$9:$L$11,0)))/100,1) -> 91.3 | L9: =IF($K9>المرجع!$K$3,"متقدم",IF($K9<=المرجع!$K$2,"أولي","جزئي")) -> متقدم
A10: EXE-04 | B10: =IFERROR(INDEX('قائمة الوحدات'!$B$2:$B$41,MATCH($A10,'قائمة الوحدات'!$A$2:$A$41,0)),"") -> EXE | C10: =IFERROR(INDEX('قائمة الوحدات'!$C$2:$C$41,MATCH($A10,'قائمة الوحدات'!$A$2:$A$41,0)),"") -> الشؤون التنفيذية | D10: =IFERROR(INDEX('قائمة الوحدات'!$D$2:$D$41,MATCH($A10,'قائمة الوحدات'!$A$2:$A$41,0)),"") -> وكالة الشؤون الفنية | E10: =IFERROR(INDEX('قائمة الوحدات'!$F$2:$F$41,MATCH($A10,'قائمة الوحدات'!$A$2:$A$41,0)),"") -> الإدارة العامة للتشغيل والصيانة | F10: =SUMIFS(النتائج!$H$2:$H$121,النتائج!$A$2:$A$121,$A10,النتائج!$F$2:$F$121,"DESIGN") -> 80.95 | G10: =SUMIFS(النتائج!$H$2:$H$121,النتائج!$A$2:$A$121,$A10,النتائج!$F$2:$F$121,"BUILD") -> 68.6 | H10: =SUMIFS(النتائج!$H$2:$H$121,النتائج!$A$2:$A$121,$A10,النتائج!$F$2:$F$121,"OPERATE") -> 40.95 | I10: =ROUND(($F10*INDEX(المرجع!$K$9:$K$11,MATCH("DESIGN",المرجع!$L$9:$L$11,0))+$G10*INDEX(المرجع!$K$9:$K$11,MATCH("BUILD",المرجع!$L$9:$L$11,0))+$H10*INDEX(المرجع!$K$9:$K$11,MATCH("OPERATE",المرجع!$L$9:$L$11,0)))/100,1) -> 57.2 | J10: =IF($I10>المرجع!$K$3,"متقدم",IF($I10<=المرجع!$K$2,"أولي","جزئي")) -> جزئي | K10: =ROUND((SUMIFS(النتائج!$I$2:$I$121,النتائج!$A$2:$A$121,$A10,النتائج!$F$2:$F$121,"DESIGN")*INDEX(المرجع!$K$9:$K$11,MATCH("DESIGN",المرجع!$L$9:$L$11,0))+SUMIFS(النتائج!$I$2:$I$121,النتائج!$A$2:$A$121,$A10,النتائج!$F$2:$F$121,"BUILD")*INDEX(المرجع!$K$9:$K$11,MATCH("BUILD",المرجع!$L$9:$L$11,0))+SUMIFS(النتائج!$I$2:$I$121,النتائج!$A$2:$A$121,$A10,النتائج!$F$2:$F$121,"OPERATE")*INDEX(المرجع!$K$9:$K$11,MATCH("OPERATE",المرجع!$L$9:$L$11,0)))/100,1) -> 91 | L10: =IF($K10>المرجع!$K$3,"متقدم",IF($K10<=المرجع!$K$2,"أولي","جزئي")) -> متقدم
A11: EXE-05 | B11: =IFERROR(INDEX('قائمة الوحدات'!$B$2:$B$41,MATCH($A11,'قائمة الوحدات'!$A$2:$A$41,0)),"") -> EXE | C11: =IFERROR(INDEX('قائمة الوحدات'!$C$2:$C$41,MATCH($A11,'قائمة الوحدات'!$A$2:$A$41,0)),"") -> الشؤون التنفيذية | D11: =IFERROR(INDEX('قائمة الوحدات'!$D$2:$D$41,MATCH($A11,'قائمة الوحدات'!$A$2:$A$41,0)),"") -> وكالة الشؤون الفنية | E11: =IFERROR(INDEX('قائمة الوحدات'!$F$2:$F$41,MATCH($A11,'قائمة الوحدات'!$A$2:$A$41,0)),"") -> الإدارة العامة للسلامة والبيئة | F11: =SUMIFS(النتائج!$H$2:$H$121,النتائج!$A$2:$A$121,$A11,النتائج!$F$2:$F$121,"DESIGN") -> 91.3 | G11: =SUMIFS(النتائج!$H$2:$H$121,النتائج!$A$2:$A$121,$A11,النتائج!$F$2:$F$121,"BUILD") -> 63.3 | H11: =SUMIFS(النتائج!$H$2:$H$121,النتائج!$A$2:$A$121,$A11,النتائج!$F$2:$F$121,"OPERATE") -> 37.45 | I11: =ROUND(($F11*INDEX(المرجع!$K$9:$K$11,MATCH("DESIGN",المرجع!$L$9:$L$11,0))+$G11*INDEX(المرجع!$K$9:$K$11,MATCH("BUILD",المرجع!$L$9:$L$11,0))+$H11*INDEX(المرجع!$K$9:$K$11,MATCH("OPERATE",المرجع!$L$9:$L$11,0)))/100,1) -> 56 | J11: =IF($I11>المرجع!$K$3,"متقدم",IF($I11<=المرجع!$K$2,"أولي","جزئي")) -> جزئي | K11: =ROUND((SUMIFS(النتائج!$I$2:$I$121,النتائج!$A$2:$A$121,$A11,النتائج!$F$2:$F$121,"DESIGN")*INDEX(المرجع!$K$9:$K$11,MATCH("DESIGN",المرجع!$L$9:$L$11,0))+SUMIFS(النتائج!$I$2:$I$121,النتائج!$A$2:$A$121,$A11,النتائج!$F$2:$F$121,"BUILD")*INDEX(المرجع!$K$9:$K$11,MATCH("BUILD",المرجع!$L$9:$L$11,0))+SUMIFS(النتائج!$I$2:$I$121,النتائج!$A$2:$A$121,$A11,النتائج!$F$2:$F$121,"OPERATE")*INDEX(المرجع!$K$9:$K$11,MATCH("OPERATE",المرجع!$L$9:$L$11,0)))/100,1) -> 95.4 | L11: =IF($K11>المرجع!$K$3,"متقدم",IF($K11<=المرجع!$K$2,"أولي","جزئي")) -> متقدم
A12: EXE-06 | B12: =IFERROR(INDEX('قائمة الوحدات'!$B$2:$B$41,MATCH($A12,'قائمة الوحدات'!$A$2:$A$41,0)),"") -> EXE | C12: =IFERROR(INDEX('قائمة الوحدات'!$C$2:$C$41,MATCH($A12,'قائمة الوحدات'!$A$2:$A$41,0)),"") -> الشؤون التنفيذية | D12: =IFERROR(INDEX('قائمة الوحدات'!$D$2:$D$41,MATCH($A12,'قائمة الوحدات'!$A$2:$A$41,0)),"") -> وكالة الشؤون الفنية | E12: =IFERROR(INDEX('قائمة الوحدات'!$F$2:$F$41,MATCH($A12,'قائمة الوحدات'!$A$2:$A$41,0)),"") -> الإدارة العامة للأصول والمرافق | F12: =SUMIFS(النتائج!$H$2:$H$121,النتائج!$A$2:$A$121,$A12,النتائج!$F$2:$F$121,"DESIGN") -> 78.5 | G12: =SUMIFS(النتائج!$H$2:$H$121,النتائج!$A$2:$A$121,$A12,النتائج!$F$2:$F$121,"BUILD") -> 57.3 | H12: =SUMIFS(النتائج!$H$2:$H$121,النتائج!$A$2:$A$121,$A12,النتائج!$F$2:$F$121,"OPERATE") -> 50.1 | I12: =ROUND(($F12*INDEX(المرجع!$K$9:$K$11,MATCH("DESIGN",المرجع!$L$9:$L$11,0))+$G12*INDEX(المرجع!$K$9:$K$11,MATCH("BUILD",المرجع!$L$9:$L$11,0))+$H12*INDEX(المرجع!$K$9:$K$11,MATCH("OPERATE",المرجع!$L$9:$L$11,0)))/100,1) -> 57.9 | J12: =IF($I12>المرجع!$K$3,"متقدم",IF($I12<=المرجع!$K$2,"أولي","جزئي")) -> جزئي | K12: =ROUND((SUMIFS(النتائج!$I$2:$I$121,النتائج!$A$2:$A$121,$A12,النتائج!$F$2:$F$121,"DESIGN")*INDEX(المرجع!$K$9:$K$11,MATCH("DESIGN",المرجع!$L$9:$L$11,0))+SUMIFS(النتائج!$I$2:$I$121,النتائج!$A$2:$A$121,$A12,النتائج!$F$2:$F$121,"BUILD")*INDEX(المرجع!$K$9:$K$11,MATCH("BUILD",المرجع!$L$9:$L$11,0))+SUMIFS(النتائج!$I$2:$I$121,النتائج!$A$2:$A$121,$A12,النتائج!$F$2:$F$121,"OPERATE")*INDEX(المرجع!$K$9:$K$11,MATCH("OPERATE",المرجع!$L$9:$L$11,0)))/100,1) -> 92.6 | L12: =IF($K12>المرجع!$K$3,"متقدم",IF($K12<=المرجع!$K$2,"أولي","جزئي")) -> متقدم
A13: EXE-07 | B13: =IFERROR(INDEX('قائمة الوحدات'!$B$2:$B$41,MATCH($A13,'قائمة الوحدات'!$A$2:$A$41,0)),"") -> EXE | C13: =IFERROR(INDEX('قائمة الوحدات'!$C$2:$C$41,MATCH($A13,'قائمة الوحدات'!$A$2:$A$41,0)),"") -> الشؤون التنفيذية | D13: =IFERROR(INDEX('قائمة الوحدات'!$D$2:$D$41,MATCH($A13,'قائمة الوحدات'!$A$2:$A$41,0)),"") -> وكالة الشؤون الفنية | E13: =IFERROR(INDEX('قائمة الوحدات'!$F$2:$F$41,MATCH($A13,'قائمة الوحدات'!$A$2:$A$41,0)),"") -> الإدارة العامة للأمن والحماية | F13: =SUMIFS(النتائج!$H$2:$H$121,النتائج!$A$2:$A$121,$A13,النتائج!$F$2:$F$121,"DESIGN") -> 81.45 | G13: =SUMIFS(النتائج!$H$2:$H$121,النتائج!$A$2:$A$121,$A13,النتائج!$F$2:$F$121,"BUILD") -> 71.5 | H13: =SUMIFS(النتائج!$H$2:$H$121,النتائج!$A$2:$A$121,$A13,النتائج!$F$2:$F$121,"OPERATE") -> 38.2 | I13: =ROUND(($F13*INDEX(المرجع!$K$9:$K$11,MATCH("DESIGN",المرجع!$L$9:$L$11,0))+$G13*INDEX(المرجع!$K$9:$K$11,MATCH("BUILD",المرجع!$L$9:$L$11,0))+$H13*INDEX(المرجع!$K$9:$K$11,MATCH("OPERATE",المرجع!$L$9:$L$11,0)))/100,1) -> 56.8 | J13: =IF($I13>المرجع!$K$3,"متقدم",IF($I13<=المرجع!$K$2,"أولي","جزئي")) -> جزئي | K13: =ROUND((SUMIFS(النتائج!$I$2:$I$121,النتائج!$A$2:$A$121,$A13,النتائج!$F$2:$F$121,"DESIGN")*INDEX(المرجع!$K$9:$K$11,MATCH("DESIGN",المرجع!$L$9:$L$11,0))+SUMIFS(النتائج!$I$2:$I$121,النتائج!$A$2:$A$121,$A13,النتائج!$F$2:$F$121,"BUILD")*INDEX(المرجع!$K$9:$K$11,MATCH("BUILD",المرجع!$L$9:$L$11,0))+SUMIFS(النتائج!$I$2:$I$121,النتائج!$A$2:$A$121,$A13,النتائج!$F$2:$F$121,"OPERATE")*INDEX(المرجع!$K$9:$K$11,MATCH("OPERATE",المرجع!$L$9:$L$11,0)))/100,1) -> 93.2 | L13: =IF($K13>المرجع!$K$3,"متقدم",IF($K13<=المرجع!$K$2,"أولي","جزئي")) -> متقدم
... A41: MIL-21 | B41: =IFERROR(INDEX('قائمة الوحدات'!$B$2:$B$41,MATCH($A41,'قائمة الوحدات'!$A$2:$A$41,0)),"") -> MIL | C41: =IFERROR(INDEX('قائمة الوحدات'!$C$2:$C$41,MATCH($A41,'قائمة الوحدات'!$A$2:$A$41,0)),"") -> الجهاز العسكري | D41: =IFERROR(INDEX('قائمة الوحدات'!$D$2:$D$41,MATCH($A41,'قائمة الوحدات'!$A$2:$A$41,0)),"") -> الإدارة العامة للمراسم والتشريفات العسكرية | E41: =IFERROR(INDEX('قائمة الوحدات'!$F$2:$F$41,MATCH($A41,'قائمة الوحدات'!$A$2:$A$41,0)),"") -> الإدارة العامة للمراسم والتشريفات العسكرية | F41: =SUMIFS(النتائج!$H$2:$H$121,النتائج!$A$2:$A$121,$A41,النتائج!$F$2:$F$121,"DESIGN") -> 88.1 | G41: =SUMIFS(النتائج!$H$2:$H$121,النتائج!$A$2:$A$121,$A41,النتائج!$F$2:$F$121,"BUILD") -> 59.75 | H41: =SUMIFS(النتائج!$H$2:$H$121,النتائج!$A$2:$A$121,$A41,النتائج!$F$2:$F$121,"OPERATE") -> 46.4 | I41: =ROUND(($F41*INDEX(المرجع!$K$9:$K$11,MATCH("DESIGN",المرجع!$L$9:$L$11,0))+$G41*INDEX(المرجع!$K$9:$K$11,MATCH("BUILD",المرجع!$L$9:$L$11,0))+$H41*INDEX(المرجع!$K$9:$K$11,MATCH("OPERATE",المرجع!$L$9:$L$11,0)))/100,1) -> 58.7 | J41: =IF($I41>المرجع!$K$3,"متقدم",IF($I41<=المرجع!$K$2,"أولي","جزئي")) -> جزئي | K41: =ROUND((SUMIFS(النتائج!$I$2:$I$121,النتائج!$A$2:$A$121,$A41,النتائج!$F$2:$F$121,"DESIGN")*INDEX(المرجع!$K$9:$K$11,MATCH("DESIGN",المرجع!$L$9:$L$11,0))+SUMIFS(النتائج!$I$2:$I$121,النتائج!$A$2:$A$121,$A41,النتائج!$F$2:$F$121,"BUILD")*INDEX(المرجع!$K$9:$K$11,MATCH("BUILD",المرجع!$L$9:$L$11,0))+SUMIFS(النتائج!$I$2:$I$121,النتائج!$A$2:$A$121,$A41,النتائج!$F$2:$F$121,"OPERATE")*INDEX(المرجع!$K$9:$K$11,MATCH("OPERATE",المرجع!$L$9:$L$11,0)))/100,1) -> 89.3 | L41: =IF($K41>المرجع!$K$3,"متقدم",IF($K41<=المرجع!$K$2,"أولي","جزئي")) -> متقدم
A43: «النضج النهائي المرجّح» = التصميم×٢٠٪ + البناء المؤسسي×٣٠٪ + التشغيل×٥٠٪ (الأوزان قابلة للتعديل في ورقة «المرجع» K9:K11).
